PARTIDO;NIVEL ;DEPARTAMENTO;HOJA;CANDIDATO;MEDIO;DESCRIPCIÓN DEL GASTO;MONTO
Nacional;Diputados;Montevideo;71;Gustavo Penadés;BOLSOS;FORUM;2928
Nacional;Diputados;Montevideo;71;Gustavo Penadés;BOLSOS;FORUM;781
Nacional;Diputados;Montevideo;71;Gustavo Penadés;CAMISETAS;GARIMPORT S.A.;43920
Nacional;Diputados;Montevideo;71;Gustavo Penadés;CAMISETAS;DISER LTDA;6290
Nacional;Diputados;Montevideo;71;Gustavo Penadés;CAMISETAS;EXPOCEL SA;10876
Nacional;Diputados;Montevideo;71;Gustavo Penadés;CARTELERIA CARTONPLAST;DAFELIR S.A.;181173
Nacional;Diputados;Montevideo;71;Gustavo Penadés;CARTELERIA CARTONPLAST;DAFELIR S.A.;588244
Nacional;Diputados;Montevideo;71;Gustavo Penadés;CARTELERIA CARTONPLAST;DAFELIR S.A.;550804
Nacional;Diputados;Montevideo;71;Gustavo Penadés;CARTELERIA CARTONPLAST;DAFELIR S.A.;242170
Nacional;Diputados;Montevideo;71;Gustavo Penadés;CARTELERIA CARTONPLAST;DAFELIR S.A.;90828
Nacional;Diputados;Montevideo;71;Gustavo Penadés;CARTELERIA CARTONPLAST;DAFELIR S.A.;69943
Nacional;Diputados;Montevideo;71;Gustavo Penadés;CARTELERIA PLOTEADA;FRANFEFO S.R.L.;17244,72
Independiente;Presidencia;;;Pablo Mieres- Conrado Ramos;ESCRITA;Publicidad escrita;73.200
Colorado;Diputados;Montevideo;9989;Sheila Duarte;ESCRITA;El País F 41202;60.000,00
Colorado;Diputados;Canelones;10;Graciela Matiaude;ESCRITA;Espacios;27000
Colorado;Diputados;Canelones;1015;Daniela Barindelli;ESCRITA;Publicidad Escrita (Radios);2787
Nacional;Presidencia;;;Luis Lacalle Pou- Jorge Larrañaga;ESCRITA;Publicidad escrita - El Pais;1579900
Nacional;Presidencia;;;Luis Lacalle Pou- Jorge Larrañaga;ESCRITA;Publicidad escrita - Busqueda;158600
Nacional;Presidencia;;;Luis Lacalle Pou- Jorge Larrañaga;ESCRITA;Publicidad escrita - El Observador;146400
Nacional;Senado;;;Sergio Abreu;ESCRITA;DIARIO EL PAIS;923444
Nacional;Diputados;Montevideo;2014;Verónica Alonso;ESCRITA;Publicidad Escrita;745720
Nacional;Diputados;Montevideo;40;Javier García;ESCRITA;DIARIOS Y REVISTAS;162150
Nacional;Diputados;Montevideo;404;Alvaro Delgado;ESCRITA;Publicidad Escrita;1165222
Nacional;Diputados;Montevideo;767;Alfredo Oliú;ESCRITA;PRENSA ESCRITA;155788
Nacional;Diputados;Montevideo;903;Daniel Quiró;ESCRITA;50% PUBLICIDAD DIARIO EL PAIS;69151,5
Nacional;Diputados;Canelones;400;Amín Niffouri;ESCRITA;Publicidad Escrita;425850
Frente Amplio;Senado;;;Raúl Sendic;ESCRITA;folletos y otros impresos;1410192
Frente Amplio;Senado;;;José Mujica;ESCRITA;Periodicos locales;241437
Frente Amplio;Senado;;;Daniel Martinez;ESCRITA;Prensa escrita;42891
Frente Amplio;Senado;;;Danilo Astori;ESCRITA;Publicidad en Prensa Escrita;97730
Frente Amplio;Senado;;;Nora Castro;ESCRITA;Publicidad en prensa escrita;28800
Frente Amplio;Senado;;;Constanza Moreira- Beramendi;ESCRITA;Publicidad escrita (prensa);106703
Frente Amplio;Diputados;Montevideo;609;Alejandro Sánchez;ESCRITA;Periodicos locales;117732
Frente Amplio;Diputados;Montevideo;90;Gonzalo Civila;ESCRITA;Diarios, semanarios, etc;1370543,66
Frente Amplio;Diputados;Montevideo;2121;Carlos Varela;ESCRITA;Publicidad en prensa escrita;310002
Frente Amplio;Diputados;Montevideo;329;Macarena Gelman;ESCRITA;la diaria;209474
Frente Amplio;Diputados;Montevideo;1642;Christian Di Candia;ESCRITA;Publicidad Escrita;27328
Frente Amplio;Diputados;Montevideo;99738;Fernando Lorenzo;ESCRITA;Encarte en Prensa;8540
Frente Amplio;Diputados;Montevideo;764;Pablo Alvarez;ESCRITA;Publicidad en prensa escrita;28800
Frente Amplio;Diputados;Montevideo;642;José Pablo Oliveras;ESCRITA;Publicidad prensa escrita;17080
Frente Amplio;Diputados;Canelones;609;Sebastián Sabini;ESCRITA;Periodicos locales;21701
Frente Amplio;Diputados;Canelones;775005;Leonardo Herou;ESCRITA;Prensa Escrita;10600
Frente Amplio;Diputados;Canelones;890;Gerardo Gadea;ESCRITA;SEMANARIO EL PUEBLO SANTA LUCIA;6200
Frente Amplio;Presidencia;;;Tabaré Vázquez- Raúl Sendic;ESCRITA;18/09/2014 - CARAS Y CARETAS;231800
Frente Amplio;Presidencia;;;Tabaré Vázquez- Raúl Sendic;ESCRITA;18/09/2014 - LA REPUBLICA;758840
Frente Amplio;Presidencia;;;Tabaré Vázquez- Raúl Sendic;ESCRITA;18/09/2014 - EL OBSERVADOR;336720
Frente Amplio;Presidencia;;;Tabaré Vázquez- Raúl Sendic;ESCRITA;18/09/2014 - LA DIARIA;536800
Frente Amplio;Presidencia;;;Tabaré Vázquez- Raúl Sendic;ESCRITA;19/09/2014 - BUSQUEDA;309880
Frente Amplio;Presidencia;;;Tabaré Vázquez- Raúl Sendic;ESCRITA;26/09/2014 - LA PATOTA;115000
Frente Amplio;Presidencia;;;Tabaré Vázquez- Raúl Sendic;ESCRITA;02/10/2014 - BRECHA;345748
Frente Amplio;Presidencia;;;Tabaré Vázquez- Raúl Sendic;ESCRITA;03/10/2014 - EL PAIS;1172420
Frente Amplio;Presidencia;;;Tabaré Vázquez- Raúl Sendic;ESCRITA;14/11/2014 - BUSQUEDA;92232
Frente Amplio;Presidencia;;;Tabaré Vázquez- Raúl Sendic;ESCRITA;08/12/2014 - Reasignación balotaje;-1385020
Frente Amplio;Diputados;Canelones;2121;José Carlos Mahía;ESCRITA;Hoy Canelones SRL; 5.400,00 
Frente Amplio;Diputados;Canelones;2121;José Carlos Mahía;ESCRITA;Hoy Canelones SRL; 16.600,00 
Frente Amplio;Diputados;Canelones;2121;José Carlos Mahía;ESCRITA;Hoy Canelones SRL; 3.500,00 
Nacional;Senado;;;Jorge Larrañaga;ESCRITA;CENTÍMETROS-COLUMNA CONTRATADOS;3073040
Nacional;Diputados;Montevideo;71;Gustavo Penadés;ESCRITA;EXPRESA;10000
Nacional;Diputados;Montevideo;71;Gustavo Penadés;GORROS;SUSANA FORNER;900
Nacional;Diputados;Montevideo;71;Gustavo Penadés;IMPREMERAS;NEVOTECH;6048
Nacional;Diputados;Montevideo;71;Gustavo Penadés;INAMES AUTO;RASHIDI S.R.L.;3660
Nacional;Diputados;Montevideo;71;Gustavo Penadés;INAMES AUTO;RASHIDI S.R.L.;1656
Nacional;Diputados;Montevideo;71;Gustavo Penadés;INAMES AUTO;RASHIDI S.R.L.;1600
Nacional;Diputados;Montevideo;71;Gustavo Penadés;INAMES AUTO;RASHIDI S.R.L.;4000
Nacional;Diputados;Montevideo;71;Gustavo Penadés;INAMES AUTO;RASHIDI S.R.L.;3600
Frente Amplio;Senado;;;Eduardo Méndez;MATERIALES;Combustible para traslados (pegatina);1000
Frente Amplio;Senado;;;Eduardo Méndez;MATERIALES;Acetato;50
Frente Amplio;Senado;;;Eduardo Méndez;MATERIALES;Pinceles;755
Frente Amplio;Senado;;;Eduardo Méndez;MATERIALES;Cola Vinilica y pinceles;176
Frente Amplio;Senado;;;Eduardo Méndez;MATERIALES;3 kgs de cola vinilica y pinceles;516
Frente Amplio;Senado;;;Eduardo Méndez;MATERIALES;12 marcadores permanentes;173,39
Frente Amplio;Senado;;;Eduardo Méndez;MATERIALES;cinta de empaque , cola vinilica y pinceles;385
Frente Amplio;Senado;;;Eduardo Méndez;MATERIALES;3 kgs de harina;75
Frente Amplio;Senado;;;Eduardo Méndez;MATERIALES;20 Banderas;6400
Frente Amplio;Senado;;;Eduardo Méndez;MATERIALES;pincel y pintura acrilez;424
Frente Amplio;Senado;;;Eduardo Méndez;MATERIALES;materiales;234
Frente Amplio;Diputados;Montevideo;906;Enrique Saravia;MATERIALES;Fase 4 SRL;480000
Frente Amplio;Diputados;Montevideo;906;Enrique Saravia;MATERIALES;Impresora Grafem;250000
Frente Amplio;Diputados;Montevideo;906;Enrique Saravia;MATERIALES;Herreria Surraco;350000
Frente Amplio;Diputados;Montevideo;906;Enrique Saravia;MATERIALES;Troquelados Germán;74000
Frente Amplio;Diputados;Montevideo;906;Enrique Saravia;MATERIALES;Imprersora Requena;296000
Frente Amplio;Diputados;Montevideo;906;Enrique Saravia;MATERIALES;Famet S.A;180000
Frente Amplio;Diputados;Montevideo;906;Enrique Saravia;MATERIALES;Caribu;150000
Frente Amplio;Diputados;Montevideo;906;Enrique Saravia;MATERIALES;Goldfarb S.A;125000
Frente Amplio;Presidencia;;;Tabaré Vázquez- Raúl Sendic;Medios Interior;22/10/2014 - CONTRIB. SAN JOSE - MEDIOS;190981
Frente Amplio;Presidencia;;;Tabaré Vázquez- Raúl Sendic;Medios Interior;22/10/2014 - TRANSF. ARTIGAS;141700
Frente Amplio;Presidencia;;;Tabaré Vázquez- Raúl Sendic;Medios Interior;22/10/2014 - TRANSF. COLONIA;450000
Frente Amplio;Presidencia;;;Tabaré Vázquez- Raúl Sendic;Medios Interior;22/10/2014 - TRANSF. DURAZNO;81000
Frente Amplio;Presidencia;;;Tabaré Vázquez- Raúl Sendic;Medios Interior;22/10/2014 - TRANSF. FLORES;65000
Frente Amplio;Presidencia;;;Tabaré Vázquez- Raúl Sendic;Medios Interior;22/10/2014 - TRANSF. FLORIDA;150000
Frente Amplio;Presidencia;;;Tabaré Vázquez- Raúl Sendic;Medios Interior;22/10/2014 - TRANSF. LAVALLEJA;35000
Frente Amplio;Presidencia;;;Tabaré Vázquez- Raúl Sendic;Medios Interior;22/10/2014 - TRANSF. MALDONADO;750000
Frente Amplio;Presidencia;;;Tabaré Vázquez- Raúl Sendic;Medios Interior;22/10/2014 - TRANSF. PAYSANDU;225000
Frente Amplio;Presidencia;;;Tabaré Vázquez- Raúl Sendic;Medios Interior;22/10/2014 - TRANSF. RIO NEGRO;95000
Frente Amplio;Presidencia;;;Tabaré Vázquez- Raúl Sendic;Medios Interior;22/10/2014 - TRANSF. RIVERA;200000
Frente Amplio;Presidencia;;;Tabaré Vázquez- Raúl Sendic;Medios Interior;22/10/2014 - TRANSF. ROCHA;125000
Frente Amplio;Presidencia;;;Tabaré Vázquez- Raúl Sendic;Medios Interior;22/10/2014 - TRANSF. SALTO;175000
Frente Amplio;Presidencia;;;Tabaré Vázquez- Raúl Sendic;Medios Interior;22/10/2014 - TRANSF. TACUAREMBO;101428
Frente Amplio;Presidencia;;;Tabaré Vázquez- Raúl Sendic;Medios Interior;22/10/2014 - TRANSF. TREINTA Y TRES;60000
Frente Amplio;Presidencia;;;Tabaré Vázquez- Raúl Sendic;Medios Interior;24/10/2014 - CONTRIB. C. LARGO -MEDIOS;100000
Frente Amplio;Presidencia;;;Tabaré Vázquez- Raúl Sendic;Medios Interior;12/11/2014 - CONTRIB. SORIANO -MEDIOS;117819
Independiente;Presidencia;;;Pablo Mieres- Conrado Ramos;ORAL;Publicidad oral;1.021.153
Colorado;Presidencia;;;Pedro Bordaberry- Germán Coutinho;ORAL;Minutos contratados;1.152.207 
Colorado;Senado;;;José Amorín;ORAL;Publicidad en Radio;295045
Colorado;Senado;;;Pedro Bordaberry;ORAL;Minutos contratados;2236638
Colorado;Diputados;Canelones;10;Graciela Matiaude;ORAL;Publicidad y espacios;47349
Colorado;Diputados;Canelones;1015;Daniela Barindelli;ORAL;Publicidad Oral (Radios, callejera);101070
Nacional;Presidencia;;;Luis Lacalle Pou- Jorge Larrañaga;ORAL;Publicidad en radio - El Espectador;296547
Nacional;Presidencia;;;Luis Lacalle Pou- Jorge Larrañaga;ORAL;Publicidad en radio - Alfa FM;102480
Nacional;Presidencia;;;Luis Lacalle Pou- Jorge Larrañaga;ORAL;Publicidad en radio - Universal;82960
Nacional;Presidencia;;;Luis Lacalle Pou- Jorge Larrañaga;ORAL;Publicidad en radio - La Ley FM;114192
Nacional;Presidencia;;;Luis Lacalle Pou- Jorge Larrañaga;ORAL;Publicidad en radio - Azul FM;195200
Nacional;Presidencia;;;Luis Lacalle Pou- Jorge Larrañaga;ORAL;Publicidad en radio - Tiempo Presente;36600
Nacional;Presidencia;;;Luis Lacalle Pou- Jorge Larrañaga;ORAL;Publicidad en radio - Oceano FM;247660
Nacional;Presidencia;;;Luis Lacalle Pou- Jorge Larrañaga;ORAL;Publicidad en radio - Montecarlo SA;331840
Nacional;Presidencia;;;Luis Lacalle Pou- Jorge Larrañaga;ORAL;Publicidad en radio - Aire FM;170373
Nacional;Presidencia;;;Luis Lacalle Pou- Jorge Larrañaga;ORAL;Publicidad en radio - Radio Carve;79300
Nacional;Presidencia;;;Luis Lacalle Pou- Jorge Larrañaga;ORAL;Publicidad en radio - FM Inolvedable;109800
Nacional;Presidencia;;;Luis Lacalle Pou- Jorge Larrañaga;ORAL;Publicidad en radio - Radio Rural;102480
Nacional;Presidencia;;;Luis Lacalle Pou- Jorge Larrañaga;ORAL;Publicidad en radio - Publinter;3113606
Nacional;Presidencia;;;Luis Lacalle Pou- Jorge Larrañaga;ORAL;Publicidad en radio - Sarandi;732000
Nacional;Presidencia;;;Luis Lacalle Pou- Jorge Larrañaga;ORAL;Publicidad en radio - Oriental;109800
Nacional;Presidencia;;;Luis Lacalle Pou- Jorge Larrañaga;ORAL;Publicidad en radio - Radio Nacional;21521
Nacional;Presidencia;;;Luis Lacalle Pou- Jorge Larrañaga;ORAL;Publicidad en radio - Galaxia FM;35280
Nacional;Senado;;;Sergio Abreu;ORAL;RADIOS ;116387,6
Nacional;Diputados;Montevideo;2014;Verónica Alonso;ORAL;Publicidad Oral;180000
Nacional;Diputados;Montevideo;40;Javier García;ORAL;RADIO;1008544,52
Nacional;Diputados;Montevideo;404;Alvaro Delgado;ORAL;Publicidad Oral;553270
Nacional;Diputados;Montevideo;767;Alfredo Oliú;ORAL;RADIO;36400
Nacional;Diputados;Montevideo;33;Francisco Gallinal;ORAL;Publicidad en radio;59048
Nacional;Diputados;Montevideo;33;Francisco Gallinal;ORAL;Publicidad en radio;32208
Nacional;Diputados;Montevideo;33;Francisco Gallinal;ORAL;Publicidad en radio;26352
Nacional;Diputados;Montevideo;33;Francisco Gallinal;ORAL;Publicidad en radio;48312
Nacional;Diputados;Montevideo;33;Francisco Gallinal;ORAL;Publicidad en radio;700
Nacional;Diputados;Montevideo;33;Francisco Gallinal;ORAL;Publicidad en radio;53680
Nacional;Diputados;Canelones;400;Amín Niffouri;ORAL;Publicidad Oral;117900
Nacional;Diputados;Canelones;3504;Alem García;ORAL;Monte Carlo S.A. (radio);21500
Frente Amplio;Senado;;;José Mujica;ORAL;Radios;1669742
Frente Amplio;Senado;;;Daniel Martinez;ORAL;Publicidad en radio;65270
Frente Amplio;Senado;;;Alvaro Portillo;ORAL;publicidad por radio carve;18800
Frente Amplio;Senado;;;Danilo Astori;ORAL;Publicidad en radio;1839146
Frente Amplio;Senado;;;Nora Castro;ORAL;Publicidad en radio;5856
Frente Amplio;Senado;;;Constanza Moreira- Beramendi;ORAL;Publicidad oral (radio);293798
Frente Amplio;Senado;;;Eduardo Brenta;ORAL;Servicio contratado via Media-Office;900000
Frente Amplio;Senado;;;Eleuterio Fernandez Huidobro;ORAL;Publicidad oral;734624
Frente Amplio;Diputados;Montevideo;609;Alejandro Sánchez;ORAL;Radios;1646790
Frente Amplio;Diputados;Montevideo;90;Gonzalo Civila;ORAL;Radios;1207152,12
Frente Amplio;Diputados;Montevideo;2121;Carlos Varela;ORAL;Publicidad en radios;1564859
Frente Amplio;Diputados;Montevideo;329;Macarena Gelman;ORAL;Continental;143191
Frente Amplio;Diputados;Montevideo;329;Macarena Gelman;ORAL;sarandi;28880
Frente Amplio;Diputados;Montevideo;3311;Luis Puig;ORAL;retorno publicidad;48068
Frente Amplio;Diputados;Montevideo;6009;Victor Semproni;ORAL;Radios Mdeo/Int ;77642
Frente Amplio;Diputados;Montevideo;775005;José Bayardi;ORAL;Pauta radia AM/FM Montevideo;327000
Frente Amplio;Diputados;Montevideo;1642;Christian Di Candia;ORAL;Publicidad Oral;67637
Frente Amplio;Diputados;Montevideo;764;Pablo Alvarez;ORAL;Publicidad en radio;5856
Frente Amplio;Diputados;Montevideo;642;José Pablo Oliveras;ORAL;Publicidad oral;10000
Frente Amplio;Diputados;Montevideo;906;Enrique Saravia;ORAL;Radio cx30;75000
Frente Amplio;Diputados;Canelones;90;Raúl Olivera;ORAL;Radios;427954
Frente Amplio;Diputados;Canelones;99738;Horacio Yanes;ORAL;Publicidad en Radio;67347
Frente Amplio;Diputados;Canelones;609;Sebastián Sabini;ORAL;Radios;1320573
Frente Amplio;Diputados;Canelones;1813;José Luis Devitta;ORAL;EFECTIVO;7424
Frente Amplio;Diputados;Canelones;775005;Leonardo Herou;ORAL;Radio;6500
Frente Amplio;Diputados;Canelones;3311;Valeria Rubino;ORAL;CX 30;48000
Frente Amplio;Diputados;Canelones;3311;Valeria Rubino;ORAL;Atlantida FM;3090
Frente Amplio;Diputados;Canelones;3311;Valeria Rubino;ORAL;Inolvidable FM;3494
Frente Amplio;Diputados;Canelones;3311;Valeria Rubino;ORAL;Minuto 90 Fm 90,1;3000
Frente Amplio;Diputados;Canelones;3311;Valeria Rubino;ORAL;Atlantida FM;8000
Frente Amplio;Diputados;Canelones;3311;Valeria Rubino;ORAL;Inolvidable FM;3400
Frente Amplio;Diputados;Canelones;890;Gerardo Gadea;ORAL;RADIO NATURALEZA TALA;9000
Frente Amplio;Diputados;Canelones;890;Gerardo Gadea;ORAL;FM La Ley;60840
Frente Amplio;Presidencia;;;Tabaré Vázquez- Raúl Sendic;ORAL;28/08/2014 - 1410 AM LIBRE;140300
Frente Amplio;Presidencia;;;Tabaré Vázquez- Raúl Sendic;ORAL;04/09/2014 - EL ESPECTADOR;448960
Frente Amplio;Presidencia;;;Tabaré Vázquez- Raúl Sendic;ORAL;12/09/2014 - OCEANO FM;1256600
Frente Amplio;Presidencia;;;Tabaré Vázquez- Raúl Sendic;ORAL;18/09/2014 - 104.9 METROPOLIS;350140
Frente Amplio;Presidencia;;;Tabaré Vázquez- Raúl Sendic;ORAL;18/09/2014 - OLDIES 90.3 FM;224480
Frente Amplio;Presidencia;;;Tabaré Vázquez- Raúl Sendic;ORAL;19/09/2014 - RADIO UNIVERSAL;117120
Frente Amplio;Presidencia;;;Tabaré Vázquez- Raúl Sendic;ORAL;19/09/2014 - 95.5 FM DEL PLATA;561200
Frente Amplio;Presidencia;;;Tabaré Vázquez- Raúl Sendic;ORAL;26/09/2014 - 101.9 AZUL FM;954040
Frente Amplio;Presidencia;;;Tabaré Vázquez- Raúl Sendic;ORAL;29/09/2014 - 91.1 fm futura - recibo 0186;329400
Frente Amplio;Presidencia;;;Tabaré Vázquez- Raúl Sendic;ORAL;03/10/2014 - SARANDI COMUNICACIONES;652700
Frente Amplio;Presidencia;;;Tabaré Vázquez- Raúl Sendic;ORAL;07/10/2014 - ESPECTADOR.COM;140300
Frente Amplio;Presidencia;;;Tabaré Vázquez- Raúl Sendic;ORAL;14/10/2014 - R. ORIENTAL;30500
Frente Amplio;Presidencia;;;Tabaré Vázquez- Raúl Sendic;ORAL;15/10/2014 - RADIO ARAX;12200
Frente Amplio;Presidencia;;;Tabaré Vázquez- Raúl Sendic;ORAL;16/10/2014 - CX 30 - RADIO NACIONAL;140300
Frente Amplio;Presidencia;;;Tabaré Vázquez- Raúl Sendic;ORAL;23/10/2014 - M24 FM;168360
Frente Amplio;Presidencia;;;Tabaré Vázquez- Raúl Sendic;ORAL;23/10/2014 - LATINA 103.7 FM;350750
Frente Amplio;Presidencia;;;Tabaré Vázquez- Raúl Sendic;ORAL;24/10/2014 - COOP. DESAFIO;30000
Frente Amplio;Presidencia;;;Tabaré Vázquez- Raúl Sendic;ORAL;24/10/2014 - SARANDI COMUNICACIONES;652700
Frente Amplio;Presidencia;;;Tabaré Vázquez- Raúl Sendic;ORAL;27/10/2014 - 104.3 FM;322690
Frente Amplio;Presidencia;;;Tabaré Vázquez- Raúl Sendic;ORAL;28/10/2014 - CORI;14640
Frente Amplio;Presidencia;;;Tabaré Vázquez- Raúl Sendic;ORAL;29/10/2014 - OLDIES 90.3FM;224480
Frente Amplio;Presidencia;;;Tabaré Vázquez- Raúl Sendic;ORAL;29/10/2014 - M24 FM;168360
Frente Amplio;Presidencia;;;Tabaré Vázquez- Raúl Sendic;ORAL;29/10/2014 - 104.9 METROPOLIS FM;351360
Frente Amplio;Presidencia;;;Tabaré Vázquez- Raúl Sendic;ORAL;07/11/2014 - MONTE CARLO SA;1220000
Frente Amplio;Presidencia;;;Tabaré Vázquez- Raúl Sendic;ORAL;07/11/2014 - DOSA PROD. D. STEINFELD;91500
Frente Amplio;Presidencia;;;Tabaré Vázquez- Raúl Sendic;ORAL;07/11/2014 - MODACOR - 104.3 FM;322690
Frente Amplio;Presidencia;;;Tabaré Vázquez- Raúl Sendic;ORAL;14/11/2014 - LATINA FM;350750
Frente Amplio;Presidencia;;;Tabaré Vázquez- Raúl Sendic;ORAL;08/12/2014 - Reasignación balotaje;-1245120
Nacional;Senado;;;Jorge Larrañaga;ORAL;SEGUNDOS CONTRATADOS;4406540
Frente Amplio;Diputados;Canelones;2121;José Carlos Mahía;ORAL;FM Inolvidable; 23.180,00 
Frente Amplio;Diputados;Canelones;2121;José Carlos Mahía;ORAL;91,3 FM san Ramón; 18.000,00 
Frente Amplio;Diputados;Canelones;2121;José Carlos Mahía;ORAL;Néstor Rodríguez Plá; 32.000,00 
Frente Amplio;Diputados;Canelones;2121;José Carlos Mahía;ORAL;Arco Iris Producciones; 18.000,00 
Frente Amplio;Diputados;Canelones;2121;José Carlos Mahía;ORAL;Suavar SRL; 29.000,00 
Frente Amplio;Diputados;Canelones;2121;José Carlos Mahía;ORAL;Radio Continental SRL; 8.500,00 
Frente Amplio;Diputados;Canelones;2121;José Carlos Mahía;ORAL;90.7 FM RadioVentura; 4.000,00 
Nacional;Diputados;Montevideo;71;Gustavo Penadés;ORAL;SARANDI COMUNICADORES S.A.;147724
Nacional;Diputados;Montevideo;71;Gustavo Penadés;ORAL;RADIO ORIENTAL S.A.;5339
Nacional;Diputados;Montevideo;71;Gustavo Penadés;ORAL;OCEANO  FM;51850
Colorado;Diputados;Canelones;1015;Daniela Barindelli;OTRO TIPO;Otro tipo de publicidad;64651
Nacional;Diputados;Montevideo;2014;Verónica Alonso;OTRO TIPO;Publicidad Otros;201999
Nacional;Diputados;Montevideo;33;Francisco Gallinal;OTRO TIPO;Otros tipos de publicidad;12000
Nacional;Diputados;Montevideo;33;Francisco Gallinal;OTRO TIPO;Otros tipos de publicidad;18300
Nacional;Diputados;Canelones;903;Javier Radiccioni;OTRO TIPO;escrita ensobre encarte de listas;1500
Frente Amplio;Senado;;;Raúl Sendic;OTRO TIPO;otros;630754
Frente Amplio;Senado;;;José Mujica;OTRO TIPO;Balconeras, internet;1295367
Frente Amplio;Senado;;;Danilo Astori;OTRO TIPO;Otros tipos de públicidad;12261
Frente Amplio;Senado;;;Nora Castro;OTRO TIPO;Otros tipos de públicidad;6466,5
Frente Amplio;Senado;;;Constanza Moreira- Beramendi;OTRO TIPO;Otros tipos de publicidad;178242
Frente Amplio;Senado;;;Marcos Carámbula;OTRO TIPO;PUBLICIDAD EN ESTADIOS DE FUTBOL;152500
Frente Amplio;Senado;;;Eduardo Brenta;OTRO TIPO;cohcheparlantes entrega listas;120000
Frente Amplio;Diputados;Montevideo;329;Macarena Gelman;OTRO TIPO;filadelfia;84790
Frente Amplio;Diputados;Montevideo;3311;Luis Puig;OTRO TIPO;tus impresos ltda;15371
Frente Amplio;Diputados;Montevideo;3311;Luis Puig;OTRO TIPO;diser ltda;25502
Frente Amplio;Diputados;Montevideo;3311;Luis Puig;OTRO TIPO;dafelir sa;27084
Frente Amplio;Diputados;Montevideo;1303;Gonzalo Reboledo;OTRO TIPO;Sobres institucionales;7582
Frente Amplio;Diputados;Montevideo;99738;Fernando Lorenzo;OTRO TIPO;Remeras, gorros, balconeras, pasacalles;106543
Frente Amplio;Diputados;Montevideo;764;Pablo Alvarez;OTRO TIPO;Otros tipos de públicidad;6466,5
Frente Amplio;Presidencia;;;Tabaré Vázquez- Raúl Sendic;Otros;11/09/2014 - LIVING EXPRESS;22570
Frente Amplio;Presidencia;;;Tabaré Vázquez- Raúl Sendic;Otros;29/10/2014 - PELLICER - ALIM. DELG.EXTR.;19149
Frente Amplio;Presidencia;;;Tabaré Vázquez- Raúl Sendic;Otros;08/12/2014 - Reasignación balotaje;-41719
Nacional;Presidencia;;;Luis Lacalle Pou- Jorge Larrañaga;PRODUCCION;Productoras - Indias;4011360
Nacional;Presidencia;;;Luis Lacalle Pou- Jorge Larrañaga;PRODUCCION;Productoras - La Mayor;146400
Nacional;Presidencia;;;Luis Lacalle Pou- Jorge Larrañaga;PRODUCCION;Publicidad digital - Pinky;567456
Nacional;Diputados;Canelones;2014;Daniel Peña;PRODUCCION;Agencias de publicidad;690000
Frente Amplio;Senado;;;Raúl Sendic;PRODUCCION;produccion de contenidos;3368722,2
Frente Amplio;Senado;;;Danilo Astori;PRODUCCION;Producción de Avisos;1048828,44
Frente Amplio;Diputados;Montevideo;890;Carlos Gamou;PRODUCCION;Grupo Perfil Campaña Publicitaria ;726781
Frente Amplio;Diputados;Canelones;99738;Horacio Yanes;PRODUCCION;Producción y Estudio Audio;11800
Frente Amplio;Presidencia;;;Tabaré Vázquez- Raúl Sendic;PRODUCCION;30/09/2014 - LAMAYOR -PROD. AUDIO;209535
Frente Amplio;Presidencia;;;Tabaré Vázquez- Raúl Sendic;PRODUCCION;08/10/2014 - ZINC SOUND;103700
Frente Amplio;Presidencia;;;Tabaré Vázquez- Raúl Sendic;PRODUCCION;10/10/2014 - PARIS TEXAS;1000000
Frente Amplio;Presidencia;;;Tabaré Vázquez- Raúl Sendic;PRODUCCION;10/10/2014 - ZINCSOUND;103700
Frente Amplio;Presidencia;;;Tabaré Vázquez- Raúl Sendic;PRODUCCION;28/10/2014 - LA MAYOR;161294
Frente Amplio;Presidencia;;;Tabaré Vázquez- Raúl Sendic;PRODUCCION;30/10/2014 - PARIS TEXAS;500000
Frente Amplio;Presidencia;;;Tabaré Vázquez- Raúl Sendic;PRODUCCION;10/11/2014 - NUEVA TELEVISION;16204,04
Frente Amplio;Presidencia;;;Tabaré Vázquez- Raúl Sendic;PRODUCCION;27/11/2014 - PARIS TEXAS;1000000
Frente Amplio;Presidencia;;;Tabaré Vázquez- Raúl Sendic;PRODUCCION;14/08/2014 - DOMINO - REC. 4805;68448,1
Frente Amplio;Presidencia;;;Tabaré Vázquez- Raúl Sendic;PRODUCCION;10/10/2014 - WORLDWIDE - GURISA;3911,32
Frente Amplio;Presidencia;;;Tabaré Vázquez- Raúl Sendic;PRODUCCION;08/12/2014 - Reasignación balotaje;-3911,32
Frente Amplio;Presidencia;;;Tabaré Vázquez- Raúl Sendic;PRODUCCION;17/07/2014 - MAYNER - URUG. N.SE DETIENE;39894
Frente Amplio;Presidencia;;;Tabaré Vázquez- Raúl Sendic;PRODUCCION;07/08/2014 - FAMET - REC.74009;251442
Frente Amplio;Presidencia;;;Tabaré Vázquez- Raúl Sendic;PRODUCCION;07/08/2014 - CLISE - REC. 1632;22210,71
Frente Amplio;Presidencia;;;Tabaré Vázquez- Raúl Sendic;PRODUCCION;08/08/2014 - MAYNER - REC. 6602;451400
Frente Amplio;Presidencia;;;Tabaré Vázquez- Raúl Sendic;PRODUCCION;14/08/2014 - MAYNER - REC. 6583;10980
Frente Amplio;Presidencia;;;Tabaré Vázquez- Raúl Sendic;PRODUCCION;15/08/2014 - CARTELES.COM;32086
Frente Amplio;Presidencia;;;Tabaré Vázquez- Raúl Sendic;PRODUCCION;15/08/2014 - CARTELES.COM;505080
Frente Amplio;Presidencia;;;Tabaré Vázquez- Raúl Sendic;PRODUCCION;22/08/2014 - MAYNER;47580
Frente Amplio;Presidencia;;;Tabaré Vázquez- Raúl Sendic;PRODUCCION;22/08/2014 - MAYNER;954040
Frente Amplio;Presidencia;;;Tabaré Vázquez- Raúl Sendic;PRODUCCION;22/08/2014 - LA REPUBLICA;10199
Frente Amplio;Presidencia;;;Tabaré Vázquez- Raúl Sendic;PRODUCCION;29/08/2014 - CARTELES.COM;16958
Frente Amplio;Presidencia;;;Tabaré Vázquez- Raúl Sendic;PRODUCCION;01/09/2014 - IMPRIMEX;98400
Frente Amplio;Presidencia;;;Tabaré Vázquez- Raúl Sendic;PRODUCCION;01/09/2014 - GRIFELMAN SA;144204
Frente Amplio;Presidencia;;;Tabaré Vázquez- Raúl Sendic;PRODUCCION;02/09/2014 - MAYNER;176656
Frente Amplio;Presidencia;;;Tabaré Vázquez- Raúl Sendic;PRODUCCION;05/09/2014 - FAMET - REC. 74565;60780
Frente Amplio;Presidencia;;;Tabaré Vázquez- Raúl Sendic;PRODUCCION;05/09/2014 - FAMET - REC. 74566;1346097,5
Frente Amplio;Presidencia;;;Tabaré Vázquez- Raúl Sendic;PRODUCCION;11/09/2014 - MAYNER;228384
Frente Amplio;Presidencia;;;Tabaré Vázquez- Raúl Sendic;PRODUCCION;11/09/2014 - CARTELES.COM;124806
Frente Amplio;Presidencia;;;Tabaré Vázquez- Raúl Sendic;PRODUCCION;11/09/2014 - DRK PACKAGING;420411,02
Frente Amplio;Presidencia;;;Tabaré Vázquez- Raúl Sendic;PRODUCCION;18/09/2014 - IMPRIMEX;1680000
Frente Amplio;Presidencia;;;Tabaré Vázquez- Raúl Sendic;PRODUCCION;19/09/2014 - MAYNER;17934
Frente Amplio;Presidencia;;;Tabaré Vázquez- Raúl Sendic;PRODUCCION;26/09/2014 - GRIFELMAN SA;621590
Frente Amplio;Presidencia;;;Tabaré Vázquez- Raúl Sendic;PRODUCCION;26/09/2014 - GRIFELMAN SA;22326
Frente Amplio;Presidencia;;;Tabaré Vázquez- Raúl Sendic;PRODUCCION;26/09/2014 - MAYNER;59536
Frente Amplio;Presidencia;;;Tabaré Vázquez- Raúl Sendic;PRODUCCION;26/09/2014 - GRIFELMAN SA;9272
Frente Amplio;Presidencia;;;Tabaré Vázquez- Raúl Sendic;PRODUCCION;26/09/2014 - IMPRIMEX;870000
Frente Amplio;Presidencia;;;Tabaré Vázquez- Raúl Sendic;PRODUCCION;02/10/2014 - GALLERY;107360
Frente Amplio;Presidencia;;;Tabaré Vázquez- Raúl Sendic;PRODUCCION;02/10/2014 - GRIFELMAN SA;178364
Frente Amplio;Presidencia;;;Tabaré Vázquez- Raúl Sendic;PRODUCCION;03/10/2014 - 4TINTAS;9493
Frente Amplio;Presidencia;;;Tabaré Vázquez- Raúl Sendic;PRODUCCION;03/10/2014 - MAYNER;62952
Frente Amplio;Presidencia;;;Tabaré Vázquez- Raúl Sendic;PRODUCCION;08/10/2014 - UROBOROS;18644
Frente Amplio;Presidencia;;;Tabaré Vázquez- Raúl Sendic;PRODUCCION;10/10/2014 - MAYNER;47580
Frente Amplio;Presidencia;;;Tabaré Vázquez- Raúl Sendic;PRODUCCION;16/10/2014 - MAYNER;59048
Frente Amplio;Presidencia;;;Tabaré Vázquez- Raúl Sendic;PRODUCCION;17/10/2014 - 4 TINTAS;9492
Frente Amplio;Presidencia;;;Tabaré Vázquez- Raúl Sendic;PRODUCCION;24/10/2014 - MAYNER -FALINER;17080
Frente Amplio;Presidencia;;;Tabaré Vázquez- Raúl Sendic;PRODUCCION;27/10/2014 - FAMET;460977
Frente Amplio;Presidencia;;;Tabaré Vázquez- Raúl Sendic;PRODUCCION;30/10/2014 - GRIFELMAN SA;103517
Frente Amplio;Presidencia;;;Tabaré Vázquez- Raúl Sendic;PRODUCCION;30/10/2014 - UROBOROS;30795
Frente Amplio;Presidencia;;;Tabaré Vázquez- Raúl Sendic;PRODUCCION;30/10/2014 - REINTEGRO;-2318000
Frente Amplio;Presidencia;;;Tabaré Vázquez- Raúl Sendic;PRODUCCION;07/11/2014 - GRIFELMAN  SA;21838
Frente Amplio;Presidencia;;;Tabaré Vázquez- Raúl Sendic;PRODUCCION;11/11/2014 - GALLERY;244000
Frente Amplio;Presidencia;;;Tabaré Vázquez- Raúl Sendic;PRODUCCION;19/11/2014 - 4 TINTAS - NEVOTECH;53534
Frente Amplio;Presidencia;;;Tabaré Vázquez- Raúl Sendic;PRODUCCION;08/12/2014 - Reasignación balotaje;-934573,23
Frente Amplio;Presidencia;;;Tabaré Vázquez- Raúl Sendic;PRODUCCION;02/10/2014 - EL GALPON;20000
Frente Amplio;Presidencia;;;Tabaré Vázquez- Raúl Sendic;PRODUCCION;03/10/2014 - CARTELES. COM;17080
Frente Amplio;Presidencia;;;Tabaré Vázquez- Raúl Sendic;PRODUCCION;09/10/2014 - ERSOUN SA;229000
Frente Amplio;Presidencia;;;Tabaré Vázquez- Raúl Sendic;PRODUCCION;09/10/2014 - A. OTTONELLO;229000
Frente Amplio;Presidencia;;;Tabaré Vázquez- Raúl Sendic;PRODUCCION;10/10/2014 - WORLDWIDE - GURISA;10086,99
Frente Amplio;Presidencia;;;Tabaré Vázquez- Raúl Sendic;PRODUCCION;14/10/2014 - LIQ. P. T. - GIRA;21490
Frente Amplio;Presidencia;;;Tabaré Vázquez- Raúl Sendic;PRODUCCION;15/10/2014 - AUDEM;12000
Frente Amplio;Presidencia;;;Tabaré Vázquez- Raúl Sendic;PRODUCCION;29/10/2014 - PHOENA /HAVAS;2843
Frente Amplio;Presidencia;;;Tabaré Vázquez- Raúl Sendic;PRODUCCION;29/10/2014 - PHOENA HAVAS;6545,05
Frente Amplio;Presidencia;;;Tabaré Vázquez- Raúl Sendic;PRODUCCION;30/10/2014 - VIDEOTIME LTDA.;29280
Frente Amplio;Presidencia;;;Tabaré Vázquez- Raúl Sendic;PRODUCCION;03/11/2014 - LIVE U;83814
Frente Amplio;Presidencia;;;Tabaré Vázquez- Raúl Sendic;PRODUCCION;06/11/2014 - URUSTREAM - LIVE U;1592466
Frente Amplio;Presidencia;;;Tabaré Vázquez- Raúl Sendic;PRODUCCION;13/11/2014 - A. OTTONELLO;474831,04
Frente Amplio;Presidencia;;;Tabaré Vázquez- Raúl Sendic;PRODUCCION;13/11/2014 - EROSUN SA;2257482
Frente Amplio;Presidencia;;;Tabaré Vázquez- Raúl Sendic;PRODUCCION;13/11/2014 - A. OTTONELLO;2145730
Frente Amplio;Presidencia;;;Tabaré Vázquez- Raúl Sendic;PRODUCCION;08/12/2014 - Reasignación balotaje;-4630038,08
Frente Amplio;Presidencia;;;Tabaré Vázquez- Raúl Sendic;PRODUCCION;16/12/2014 - Ottonello - Rec. 669;431880
Nacional;Diputados;Montevideo;71;Gustavo Penadés;PRODUCCION;CQ REALIZACIONES HD;3050
Nacional;Diputados;Montevideo;71;Gustavo Penadés;REMERAS;EXPOCEL SA;1020
Nacional;Senado;;;Jorge Larrañaga;TV;MINUTOS CONTRATADOS;19704370
Frente Amplio;Diputados;Canelones;2121;José Carlos Mahía;TV;Visión Canaria; 12.000,00 
Frente Amplio;Diputados;Canelones;2121;José Carlos Mahía;TV;Tala Visión TV; 18.000,00 
Nacional;Diputados;Montevideo;71;Gustavo Penadés;TV;CANAL 10;742950
Nacional;Diputados;Montevideo;71;Gustavo Penadés;TV;CANAL 10;243320
Nacional;Diputados;Montevideo;71;Gustavo Penadés;TV;CANAL 12;1542885
Nacional;Diputados;Montevideo;71;Gustavo Penadés;TV;CANAL 4;1065034
Nacional;Diputados;Montevideo;71;Gustavo Penadés;TV;CANAL 4;1506822
Independiente;Presidencia;;;Pablo Mieres- Conrado Ramos;TV;Publicidad televisiva;7.666.530
Colorado;Presidencia;;;Pedro Bordaberry- Germán Coutinho;TV;Minutos contratados;4.481.103 
Colorado;Senado;;;José Amorín;TV;Publicidad televisiva;4915461
Colorado;Senado;;;Pedro Bordaberry;TV;Minutos contratados;8698612
Colorado;Diputados;Canelones;10;Graciela Matiaude;TV;Publicidad en Tandas;107000
Colorado;Diputados;Canelones;1015;Daniela Barindelli;TV;Publicidad televisiva;85000
Nacional;Presidencia;;;Luis Lacalle Pou- Jorge Larrañaga;TV;Publicidad televisiva - Teledoce;8174000
Nacional;Presidencia;;;Luis Lacalle Pou- Jorge Larrañaga;TV;Publicidad televisiva - Red Uruguaya;239803
Nacional;Presidencia;;;Luis Lacalle Pou- Jorge Larrañaga;TV;Publicidad televisiva - Canal 11;337560
Nacional;Presidencia;;;Luis Lacalle Pou- Jorge Larrañaga;TV;Publicidad televisiva - Canal 4;6089050
Nacional;Presidencia;;;Luis Lacalle Pou- Jorge Larrañaga;TV;Publicidad televisiva - Canal 7;256200
Nacional;Presidencia;;;Luis Lacalle Pou- Jorge Larrañaga;TV;Publicidad televisiva - Canal 10;5368060
Nacional;Presidencia;;;Luis Lacalle Pou- Jorge Larrañaga;TV;Publicidad televisiva - VTV;1586000
Nacional;Presidencia;;;Luis Lacalle Pou- Jorge Larrañaga;TV;Publicidad televisiva - Bonecar SA;48800
Nacional;Senado;;;Alem García;TV;Monte Carlo S.A. (radio);43000
Nacional;Senado;;;Alem García;TV;Monte Carlo TV S.A.;64050
Nacional;Senado;;;Alem García;TV;Sociedad Televisora Larrañaga S.A. Canal 12;75335
Nacional;Senado;;;Alvaro Germano;TV;PUBLICIDAD TELEVISION(EXCLUSIVO CANAL 10) PUBLICIDAD 30 MINUTOS;601460
Nacional;Senado;;;Sergio Abreu;TV;PUBLICIDAD TV;3355195
Nacional;Diputados;Montevideo;504504;Alem García;TV;Monte Carlo S.A. (radio);21500
Nacional;Diputados;Montevideo;504504;Alem García;TV;Monte Carlo TV S.A.;32025
Nacional;Diputados;Montevideo;504504;Alem García;TV;Sociedad Televisora Larrañaga S.A. Canal 12;37667
Nacional;Diputados;Montevideo;2014;Verónica Alonso;TV;Publicidad Televisiva ;4172998
Nacional;Diputados;Montevideo;40;Javier García;TV;TV;4396506
Nacional;Diputados;Montevideo;404;Alvaro Delgado;TV;Publicidad Televisiva;4600909
Nacional;Diputados;Montevideo;767;Alfredo Oliú;TV;TELEVISION;927200
Nacional;Diputados;Montevideo;767;Alfredo Oliú;TV;TELEVISION;854000
Nacional;Diputados;Canelones;903;Javier Radiccioni;TV;televisiva 600 seg central 300seg lateral;297655,6
Nacional;Diputados;Canelones;3504;Alem García;TV;Monte Carlo TV S.A.;32025
Nacional;Diputados;Canelones;3504;Alem García;TV;Sociedad Televisora Larrañaga S.A. Canal 12;37667
Frente Amplio;Senado;;;José Mujica;TV;TV y Cables locales;8800967
Frente Amplio;Senado;;;Darío Pérez;TV;PUB. VTV;109800
Frente Amplio;Senado;;;Danilo Astori;TV;Publicidad televisiva (x minutos en xx horario);8336538
Frente Amplio;Senado;;;Nora Castro;TV;Publicidad televisiva - Canal 10;54798,5
Frente Amplio;Senado;;;Constanza Moreira- Beramendi;TV;Publicidad televisiva;1493367
Frente Amplio;Senado;;;Eduardo Brenta;TV;(100 minutos en horario central mas 25 % bonif. lateral) Servicio contratado via Agencia;4684800
Frente Amplio;Diputados;Montevideo;609;Alejandro Sánchez;TV;TV y Cables locales;6515422
Frente Amplio;Diputados;Montevideo;90;Gonzalo Civila;TV;Canales ;2891280,25
Frente Amplio;Diputados;Montevideo;2121;Carlos Varela;TV;Publicidad televisiva;7242042
Frente Amplio;Diputados;Montevideo;329;Macarena Gelman;TV;Canal 10;92516
Frente Amplio;Diputados;Montevideo;329;Macarena Gelman;TV;teledoce ;665735
Frente Amplio;Diputados;Montevideo;6009;Victor Semproni;TV;Canal 6;12900
Frente Amplio;Diputados;Montevideo;1642;Christian Di Candia;TV;Publicidad televisiva ;182450
Frente Amplio;Diputados;Montevideo;99738;Fernando Lorenzo;TV;Publicidad Televisión;4305184
Frente Amplio;Diputados;Montevideo;764;Pablo Alvarez;TV;Publicidad televisiva - Canal 10;54798,5
Frente Amplio;Diputados;Montevideo;642;José Pablo Oliveras;TV;Publicidad televisiva 100 segundos centrales y 50 laterales;49816,66
Frente Amplio;Diputados;Canelones;764;Danisa Rodriguez;TV;Publicidad televisiva - Canal 11;6000
Frente Amplio;Diputados;Canelones;90;Raúl Olivera;TV;Canales de aire;1048360,32
Frente Amplio;Diputados;Canelones;99738;Horacio Yanes;TV;Publicidad TV;39167
Frente Amplio;Diputados;Canelones;609;Sebastián Sabini;TV;TV y Cables locales;2516845
Frente Amplio;Diputados;Canelones;1813;José Luis Devitta;TV;PUBLICIDAD TV CABLE;5500
Frente Amplio;Diputados;Canelones;775005;Leonardo Herou;TV;Campaña TV;100000
Frente Amplio;Diputados;Canelones;3311;Valeria Rubino;TV;Alexis Torres - Canal Cable Sauce;18000
Frente Amplio;Diputados;Canelones;3311;Valeria Rubino;TV;Oliver Gialco - Tala Vison;18000
Frente Amplio;Presidencia;;;Tabaré Vázquez- Raúl Sendic;TV;10/10/2014 - RED URU. DE TV.;2318000
Frente Amplio;Presidencia;;;Tabaré Vázquez- Raúl Sendic;TV;24/10/2014 - CANAL 10;20496000
Frente Amplio;Presidencia;;;Tabaré Vázquez- Raúl Sendic;TV;27/10/2014 - TELEDOCE;21960000
Frente Amplio;Presidencia;;;Tabaré Vázquez- Raúl Sendic;TV;29/10/2014 - RED URUGUAYA DE TELEVISION;2318000
Frente Amplio;Presidencia;;;Tabaré Vázquez- Raúl Sendic;TV;29/10/2014 - MONTE CARLO TV SA;11712000
Frente Amplio;Presidencia;;;Tabaré Vázquez- Raúl Sendic;TV;29/10/2014 - VTV - SAOMIL SA;5084716
Frente Amplio;Presidencia;;;Tabaré Vázquez- Raúl Sendic;TV;08/12/2014 - Reasignación balotaje;-27706716
Colorado;Diputados;Montevideo;15;José Amorín;TV Y ORAL;Publicidad televisiva y radial;198919
Frente Amplio;Senado;;;Raúl Sendic;TV Y ORAL;television y radio;8505844,04
Nacional;Diputados;Montevideo;71;Gustavo Penadés;VIA PUBLICA;CBS;1025574
Nacional;Senado;;;Jorge Larrañaga;VIA PUBLICA;CARTELERÍA VÍA PUBLICA CONTRATADA;7065722
Independiente;Presidencia;;;Pablo Mieres- Conrado Ramos;VIA PUBLICA;Publicidad en via pública;2.631.831
Colorado;Presidencia;;;Pedro Bordaberry- Germán Coutinho;VIA PUBLICA;Carteles, Pasacalles, Camiones, Columneras, Etc.;2.613.750 
Colorado;Senado;;;José Amorín;VIA PUBLICA;Publicidad en Via Pública;137716
Colorado;Senado;;;Pedro Bordaberry;VIA PUBLICA;Carteles, Pasacalles, Camiones, Columneras, Etc.;5073751
Colorado;Diputados;Montevideo;15;José Amorín;VIA PUBLICA;Publicidad en Via Pública;634225
Colorado;Diputados;Canelones;1015;Daniela Barindelli;VIA PUBLICA;Publicidad en Via Pública;250125
Nacional;Presidencia;;;Luis Lacalle Pou- Jorge Larrañaga;VIA PUBLICA;Publicidad vía pública - CBS;1763163
Nacional;Presidencia;;;Luis Lacalle Pou- Jorge Larrañaga;VIA PUBLICA;Publicidad vía pública - Publicartel;4183503,62
Nacional;Presidencia;;;Luis Lacalle Pou- Jorge Larrañaga;VIA PUBLICA;Publicidad vía pública - Film Suez;145463,04
Nacional;Presidencia;;;Luis Lacalle Pou- Jorge Larrañaga;VIA PUBLICA;Publicidad vía pública - OMI;3327909
Nacional;Presidencia;;;Luis Lacalle Pou- Jorge Larrañaga;VIA PUBLICA;Publicidad vía pública - NETCOM;3073404,4
Nacional;Senado;;;Sergio Abreu;VIA PUBLICA;PUBLICARTEL ;702733,5
Nacional;Diputados;Montevideo;2014;Verónica Alonso;VIA PUBLICA;Publicidad Vía Pública;174482
Nacional;Diputados;Montevideo;40;Javier García;VIA PUBLICA;PUBLICIDAD EN LA VIA PUBLICA;191050
Nacional;Diputados;Montevideo;404;Alvaro Delgado;VIA PUBLICA;Publicidad en Vía Publica;1945387
Nacional;Diputados;Montevideo;404;Alvaro Delgado;VIA PUBLICA;Publicida Columnera y balconeras;59950
Nacional;Diputados;Montevideo;404;Alvaro Delgado;VIA PUBLICA;Publicidad de Promotores;209956
Nacional;Diputados;Montevideo;404;Alvaro Delgado;VIA PUBLICA;Publiciadad en Folleteía y stichers;143912
Nacional;Diputados;Montevideo;33;Francisco Gallinal;VIA PUBLICA;Publicidad en via publica;64444
Nacional;Diputados;Montevideo;903;Daniel Quiró;VIA PUBLICA;MATERIAL PUBLICITARIO;20079
Nacional;Diputados;Montevideo;903;Daniel Quiró;VIA PUBLICA;CARTELERIA;4762
Nacional;Diputados;Canelones;45;Walker Amarillo;VIA PUBLICA;Publicidad en via publica;14220
Nacional;Diputados;Canelones;400;Amín Niffouri;VIA PUBLICA;Publicidad en Vía Publica;611121
Nacional;Diputados;Canelones;2014;Daniel Peña;VIA PUBLICA;Publicidad en via publica;814200
Nacional;Diputados;Canelones;2014;Daniel Peña;VIA PUBLICA;Publicidad carretera;1380000
Frente Amplio;Senado;;;José Mujica;VIA PUBLICA;Carteles banderas y otros;1605855
Frente Amplio;Senado;;;Daniel Martinez;VIA PUBLICA;Publicidad en via pública;36065
Frente Amplio;Senado;;;Darío Pérez;VIA PUBLICA;CARTELERÍA;410000
Frente Amplio;Senado;;;Darío Pérez;VIA PUBLICA;PLASTILLERA;28500
Frente Amplio;Senado;;;Darío Pérez;VIA PUBLICA;BANDERAS MESA;12000
Frente Amplio;Senado;;;Darío Pérez;VIA PUBLICA;PINTURA;12300
Frente Amplio;Senado;;;Danilo Astori;VIA PUBLICA;Publicidad en vía pública;180122
Frente Amplio;Senado;;;Nora Castro;VIA PUBLICA;Publicidad en vía pública;15714
Frente Amplio;Senado;;;Constanza Moreira- Beramendi;VIA PUBLICA;Publicidad en vía pública;36660
Frente Amplio;Senado;;;Marcos Carámbula;VIA PUBLICA;CARTELERIA CALLEJERA;911000
Frente Amplio;Senado;;;Eduardo Brenta;VIA PUBLICA;Publicartel;480000
Frente Amplio;Senado;;;Darío Raúl Estades;VIA PUBLICA;Publicidad;5000
Frente Amplio;Senado;;;Eleuterio Fernandez Huidobro;VIA PUBLICA;Publicidad en vía pública(columneras);13520
Frente Amplio;Diputados;Montevideo;609;Alejandro Sánchez;VIA PUBLICA;Carteles banderas y otros;1718235
Frente Amplio;Diputados;Montevideo;90;Gonzalo Civila;VIA PUBLICA;Cartelería;296910,4
Frente Amplio;Diputados;Montevideo;2121;Carlos Varela;VIA PUBLICA;Propaganda en vía pública muros;82500
Frente Amplio;Diputados;Montevideo;2121;Carlos Varela;VIA PUBLICA;Complementos apoyo propaganda vía pública;13408
Frente Amplio;Diputados;Montevideo;611;Diego Olivera;VIA PUBLICA;Cartelería, pasacalles, etc.;25000
Frente Amplio;Diputados;Montevideo;329;Macarena Gelman;VIA PUBLICA;pampin;147000
Frente Amplio;Diputados;Montevideo;329;Macarena Gelman;VIA PUBLICA;perlyna;206485
Frente Amplio;Diputados;Montevideo;3311;Luis Puig;VIA PUBLICA;mastergraf srl;84991
Frente Amplio;Diputados;Montevideo;6009;Victor Semproni;VIA PUBLICA;Pasac./Balc/Pegot/Mesas;353252
Frente Amplio;Diputados;Montevideo;775005;José Bayardi;VIA PUBLICA;Muros Brigada barrial;80500
Frente Amplio;Diputados;Montevideo;775005;José Bayardi;VIA PUBLICA;Pasacalles Confección y olocación;127000
Frente Amplio;Diputados;Montevideo;775005;José Bayardi;VIA PUBLICA;Vía pública formal via Agencia;250000
Frente Amplio;Diputados;Montevideo;775005;José Bayardi;VIA PUBLICA;Pegatina Brigada barrial;62500
Frente Amplio;Diputados;Montevideo;775005;José Bayardi;VIA PUBLICA;Coches parlante servicio a cantones barriales;19000
Frente Amplio;Diputados;Montevideo;1303;Gonzalo Reboledo;VIA PUBLICA;Publicidad en Banderas;5563,2
Frente Amplio;Diputados;Montevideo;1303;Gonzalo Reboledo;VIA PUBLICA;Balconeras;41724
Frente Amplio;Diputados;Montevideo;99738;Fernando Lorenzo;VIA PUBLICA;Publicidad Vía Pública (Carteles);147620
Frente Amplio;Diputados;Montevideo;1813800;José Antonio Maldonado;VIA PUBLICA;Publicidad vía pública ;23267
Frente Amplio;Diputados;Montevideo;1813800;José Antonio Maldonado;VIA PUBLICA;Publicidad vía pública ;7509
Frente Amplio;Diputados;Montevideo;1813800;José Antonio Maldonado;VIA PUBLICA;Publicidad vía pública ;60000
Frente Amplio;Diputados;Montevideo;764;Pablo Alvarez;VIA PUBLICA;Publicidad en vía pública;15714
Frente Amplio;Diputados;Canelones;90;Raúl Olivera;VIA PUBLICA;Pintada de muros;18325
Frente Amplio;Diputados;Canelones;90;Raúl Olivera;VIA PUBLICA;Cartelería, volantes, etc.;140160
Frente Amplio;Diputados;Canelones;99738;Horacio Yanes;VIA PUBLICA;Perifoneo – Publicidad vía publica;6000
Frente Amplio;Diputados;Canelones;99738;Horacio Yanes;VIA PUBLICA;Banderas, pasacalles y banderines;225535
Frente Amplio;Diputados;Canelones;609;Sebastián Sabini;VIA PUBLICA;Carteles banderas y otros;426944
Frente Amplio;Diputados;Canelones;1813;José Luis Devitta;VIA PUBLICA;CARTELERÍA;60000
Frente Amplio;Diputados;Canelones;1813;José Luis Devitta;VIA PUBLICA;FOLLETOS Y PEGOTINES;15000
Frente Amplio;Diputados;Canelones;1813;José Luis Devitta;VIA PUBLICA;BANDERAS;1750
Frente Amplio;Diputados;Canelones;1813;José Luis Devitta;VIA PUBLICA;BANDERAS;420
Frente Amplio;Diputados;Canelones;1813;José Luis Devitta;VIA PUBLICA;GORROS 3 COLORES;444
Frente Amplio;Diputados;Canelones;1813;José Luis Devitta;VIA PUBLICA;GLOBOS 3 COLORES;445
Frente Amplio;Diputados;Canelones;1813;José Luis Devitta;VIA PUBLICA;BANDERAS;1830
Frente Amplio;Diputados;Canelones;1813;José Luis Devitta;VIA PUBLICA;TELAS ACROCEL;1137
Frente Amplio;Diputados;Canelones;1813;José Luis Devitta;VIA PUBLICA;CARTEL LONA;3500
Frente Amplio;Diputados;Canelones;1813;José Luis Devitta;VIA PUBLICA;CARTEL LONA;3000
Frente Amplio;Diputados;Canelones;775005;Leonardo Herou;VIA PUBLICA;Carteles Via Públic;275200
Frente Amplio;Diputados;Canelones;775005;Leonardo Herou;VIA PUBLICA;Mesitas Vía Pública;115300
Frente Amplio;Diputados;Canelones;775005;Leonardo Herou;VIA PUBLICA;Propaganta rodante y banderas;21900
Frente Amplio;Diputados;Canelones;3311;Valeria Rubino;VIA PUBLICA;Pub rodante Canelones;3696
Frente Amplio;Diputados;Canelones;3311;Valeria Rubino;VIA PUBLICA;Rodante Las Piedras;4480
Frente Amplio;Diputados;Canelones;3311;Valeria Rubino;VIA PUBLICA;Rodante La Paz y Las Piedras;4562
Frente Amplio;Diputados;Canelones;3311;Valeria Rubino;VIA PUBLICA;Diego Sosa;10370
Frente Amplio;Diputados;Canelones;3311;Valeria Rubino;VIA PUBLICA;Hugo - Martin Lopez;20000
Frente Amplio;Diputados;Canelones;848959;Nestor Llorca;VIA PUBLICA;Gastos de Publicidad (Folletos);5000
Frente Amplio;Diputados;Canelones;848959;Nestor Llorca;VIA PUBLICA;Publicidad via oral ( Rodante);15000
Frente Amplio;Presidencia;;;Tabaré Vázquez- Raúl Sendic;VIA PUBLICA;07/08/2014 - SATENIL  - REC. 4128;3315399,25
Frente Amplio;Presidencia;;;Tabaré Vázquez- Raúl Sendic;VIA PUBLICA;07/08/2014 - MOVIMAGEN - REC. 2455;1946500
Frente Amplio;Presidencia;;;Tabaré Vázquez- Raúl Sendic;VIA PUBLICA;18/08/2014 - OMI - 360.COM;2475000
Frente Amplio;Presidencia;;;Tabaré Vázquez- Raúl Sendic;VIA PUBLICA;12/09/2014 - GALAFOX SA;59100
Frente Amplio;Presidencia;;;Tabaré Vázquez- Raúl Sendic;VIA PUBLICA;16/09/2014 - PUBLICARTE - REC. 79590;4290727,2
Frente Amplio;Presidencia;;;Tabaré Vázquez- Raúl Sendic;VIA PUBLICA;16/09/2014 - PUBLICARTE - REC. 79591;1874823
Frente Amplio;Presidencia;;;Tabaré Vázquez- Raúl Sendic;VIA PUBLICA;03/10/2014 - PIROLUX;59100
Frente Amplio;Presidencia;;;Tabaré Vázquez- Raúl Sendic;VIA PUBLICA;30/10/2014 - GALAFOX SA;59100
Frente Amplio;Presidencia;;;Tabaré Vázquez- Raúl Sendic;VIA PUBLICA;12/11/2014 - CBS;1991716
Frente Amplio;Presidencia;;;Tabaré Vázquez- Raúl Sendic;VIA PUBLICA;28/11/2014 - MOVIMAGEN;274622
Frente Amplio;Presidencia;;;Tabaré Vázquez- Raúl Sendic;VIA PUBLICA;08/12/2014 - Reasignación balotaje;-4254887,45
Nacional;Senado;;;Jorge Larrañaga;WEB;IMPRESIONES CONTRATADAS;1002840
Nacional;Senado;;;Jorge Larrañaga;WEB;GOOGLE, FACEBOOK, TWITTER;679238
Frente Amplio;Diputados;Canelones;2121;José Carlos Mahía;WEB;Facebook; 21.274,81 
Frente Amplio;Diputados;Canelones;2121;José Carlos Mahía;WEB;Facebook; 1.167,14 
Independiente;Presidencia;;;Pablo Mieres- Conrado Ramos;WEB;Publicidad web;580.989
Colorado;Presidencia;;;Pedro Bordaberry- Germán Coutinho;WEB;Espacios en redes;412.420 
Colorado;Senado;;;Pedro Bordaberry;WEB;Espacios en redes;800580
Nacional;Diputados;Montevideo;404;Alvaro Delgado;WEB;Publicida Digital;216425
Nacional;Diputados;Canelones;1404;Fernando Crosa;WEB;Pagina Web;10000
Frente Amplio;Senado;;;Raúl Sendic;WEB;internet;1178553
Frente Amplio;Senado;;;Danilo Astori;WEB;Publicidad Digital;253791,72
Frente Amplio;Senado;;;Constanza Moreira- Beramendi;WEB;Diseño y edición internet;145944
Frente Amplio;Diputados;Montevideo;329;Macarena Gelman;WEB;PUBLICIDAD INTERNET;29280
Frente Amplio;Diputados;Montevideo;99738;Fernando Lorenzo;WEB;Internet y Redes Sociales;504348
Frente Amplio;Presidencia;;;Tabaré Vázquez- Raúl Sendic;WEB;29/08/2014 - MONTEVIDEO.COMM;280600
Frente Amplio;Presidencia;;;Tabaré Vázquez- Raúl Sendic;WEB;05/09/2014 - EL PAIS - REC. 505616;561200
Frente Amplio;Presidencia;;;Tabaré Vázquez- Raúl Sendic;WEB;18/09/2014 - MPG - FACEBOOK;1536590
Frente Amplio;Presidencia;;;Tabaré Vázquez- Raúl Sendic;WEB;26/09/2014 - OBSERVA.COM.UY;280600
Frente Amplio;Presidencia;;;Tabaré Vázquez- Raúl Sendic;WEB;10/10/2014 - REGNODESIGN;45412
Frente Amplio;Presidencia;;;Tabaré Vázquez- Raúl Sendic;WEB;10/10/2014 - GRUPO 180.COM.UY;112240
Frente Amplio;Presidencia;;;Tabaré Vázquez- Raúl Sendic;WEB;13/10/2014 - CRONICAS;183000
Frente Amplio;Presidencia;;;Tabaré Vázquez- Raúl Sendic;WEB;28/10/2014 - MONTEVIDEO.COMM;219600
Frente Amplio;Presidencia;;;Tabaré Vázquez- Raúl Sendic;WEB;29/10/2014 - MPG;321287
Frente Amplio;Presidencia;;;Tabaré Vázquez- Raúl Sendic;WEB;08/12/2014 - Reasignación balotaje;-1696621
Nacional;Diputados;Montevideo;903;Daniel Quiró;;PUBLICIDAD;636380
Frente Amplio;Senado;;;Marcos Carámbula;;EMPRESA PUBLICIDAD, TV,RADIO,DIARIOS ETC;4736518
Frente Amplio;Diputados;Montevideo;609;Alejandro Sánchez;;Balconeras, internet;566628
Frente Amplio;Diputados;Montevideo;1642;Christian Di Candia;;Otro tipo de Puiblicidad (web, via publica, etc);154047
Frente Amplio;Diputados;Canelones;609;Sebastián Sabini;;Balconeras, internet;348953
;;;;;;;
;;;;;;;
;;;;;;;
;;;;;;;
