PARTIDO;DEPARTAMENTO;NIVEL;HOJA;CANDIDATO_1;INGRESOS_TOT;INGRESOS_NET;FIN_PUB;FIN_INT;CES_FON;FIN_PRIV;VOTOS;BANCAS;PERSONAS;EMPRESAS;ANONIMA;CANDIDATOS;OTROS;EGRESOS_TOT;EGRESOS_NET
FRENTE AMPLIO;ARTIGAS;REPRESENTANTES;609;BETTIANA RODRIGUEZ;905652;905652;905652;0;0;0;4789;0;0;0;0;0;0;905652;905652
FRENTE AMPLIO;ARTIGAS;REPRESENTANTES;871;RAUL CAMPANELLA;11941;11941;11941;0;0;0;117;0;0;0;0;0;0;11941;11941
FRENTE AMPLIO;ARTIGAS;REPRESENTANTES;1968;MARISOL ALVES SERRA;27034;27034;27034;0;0;0;156;0;0;0;0;0;0;21024,73535;21024,73535
FRENTE AMPLIO;ARTIGAS;REPRESENTANTES;1971;CARLOS MASEDA;80000;80000;                         -  ;80000;0;0;1309;0;0;0;0;0;0;79789;79789
FRENTE AMPLIO;ARTIGAS;REPRESENTANTES;3311;MIRIAM DA ROSA;27571;27571;26431;0;0;1140;259;0;0;0;0;0;1140;26915;26915
FRENTE AMPLIO;ARTIGAS;REPRESENTANTES;7373;NINOSKA  CORDERO PEDROZO;32150;32150;32150;0;0;0;309;0;0;0;0;0;0;32150;32150
FRENTE AMPLIO;ARTIGAS;REPRESENTANTES;90712;ISABELINO WILSON BAUER DE SOUZA;1353508;548016;805492;544616;805492;3400;3157;0;0;0;3400;0;0;929999,27;551417,82
FRENTE AMPLIO;ARTIGAS;REPRESENTANTES;217705;RICARDO XAVIER;169650;169650;168650;0;0;0;1621;0;0;0;0;0;0;177100;177100
FRENTE AMPLIO;ARTIGAS;REPRESENTANTES;7111001;LIDIO PANIAGUA;398607;398607;398607;0;0;0;3831;0;0;0;0;0;0;398607;398607
FRENTE AMPLIO;ARTIGAS;REPRESENTANTES;997382121;SILVIO RIOS;908500;908500;611000;297500;0;0;5996;1;0;0;0;0;0;865045;865045
FRENTE AMPLIO;CANELONES;REPRESENTANTES;90;RAÚL OLIVERA;5123312;1867408;3255904;1867408;3255904;0;12761;0;0;0;0;0;0;3395728,73;1865453,73
FRENTE AMPLIO;CANELONES;REPRESENTANTES;329;MACARENA GELMAN;423071;423071;423071;0;0;0;3582;0;0;0;0;0;0;73469;73469
FRENTE AMPLIO;CANELONES;REPRESENTANTES;609;SEBASTIAN SABINI;8411867;8411867;8401867;0;0;10000;67355;5;0;0;10000;0;0;8411867;8411867
FRENTE AMPLIO;CANELONES;REPRESENTANTES;711;MARCOS OTHEGUY;20000;20000;0;20000;0;0;19549;1;0;0;0;0;0;20000;20000
FRENTE AMPLIO;CANELONES;REPRESENTANTES;764;DANISA RODRIGUEZ;32284;32284;26284;0;0;6000;433;0;0;0;0;0;6000;31380,94737;31380,94737
FRENTE AMPLIO;CANELONES;REPRESENTANTES;871;ENRIQUE TELLECHEA ;28780;0;28780;0;28780;0;282;0;0;0;0;0;0;28780;0
FRENTE AMPLIO;CANELONES;REPRESENTANTES;890;GERARDO GADEA;229493;229493;229493;0;0;0;1913;0;0;0;0;0;0;229493;229493
FRENTE AMPLIO;CANELONES;REPRESENTANTES;1642;GERARDO IGLESIAS;70823;70823;70823;0;0;0;694;0;0;0;0;0;0;0;0
FRENTE AMPLIO;CANELONES;REPRESENTANTES;1813;JOSE LUIS DEVITTA;201000;201000;100000;75000;0;26000;1497;0;0;0;0;26000;0;122148;122148
FRENTE AMPLIO;CANELONES;REPRESENTANTES;1968;CAMILA LETICIA PÉREZ VERGARA;182093;182093;182093;0;0;0;557;0;0;0;0;0;0;211383,7095;211383,7095
FRENTE AMPLIO;CANELONES;REPRESENTANTES;2121;JOSE CARLOS MAHÍA;4912894;2303374;2609520;575000;2609520;1092800;25569;2;84000;208800;0;140000;660000;4477422,33;1867902,33
FRENTE AMPLIO;CANELONES;REPRESENTANTES;3311;VALERIA RUBINO;534739;328575;499739;35000;206164;0;4897;0;0;0;0;0;0;517250;311086
FRENTE AMPLIO;CANELONES;REPRESENTANTES;6009;VÍCTOR SEMPRONI;1493589;1493589;1493589;0;0;0;5854;0;0;0;0;0;0;0;0
FRENTE AMPLIO;CANELONES;REPRESENTANTES;7373;AUREL CESAR LARRAÑAGA NAYA;199618;0;199618;0;199618;0;1932;0;0;0;0;0;0;199618;0
FRENTE AMPLIO;CANELONES;REPRESENTANTES;9393;ALEJANDRO CATUCCI;36000;0;36000;0;36000;0;364;0;0;0;0;0;0;36000;0
FRENTE AMPLIO;CANELONES;REPRESENTANTES;99738;HORACIO YANES;1284000;971000;763000;521000;313000;0;7484;0;0;0;0;0;0;1165572;852572
FRENTE AMPLIO;CANELONES;REPRESENTANTES;181563;CHEVALIER GABRIEL;85963;1;85963;0;85962;0;832;0;0;0;0;0;0;85963;1
FRENTE AMPLIO;CANELONES;REPRESENTANTES;775005;LEONARDO HEROU;710580;710580;540580;60000;0;109000;5232;0;0;0;0;0;109000;753000;753000
FRENTE AMPLIO;CANELONES;REPRESENTANTES;848959;NESTOR LLORCA;221600;221600;139200;82400;0;0;956;0;0;0;0;0;0;40000;40000
FRENTE AMPLIO;CANELONES;REPRESENTANTES;10017373;JUAN CASTILLO;1269624;0;1269624;0;1269624;0;12288;0;0;0;0;0;0;1269624;0
FRENTE AMPLIO;CERRO LARGO;REPRESENTANTES;90;YERÚ PARDIÑAS;2435062;1462241;1835512;599550;972821;0;7194;0;0;0;0;0;0;1755187,21;892496,21
FRENTE AMPLIO;CERRO LARGO;REPRESENTANTES;871;RAUL CAMPANELLA;15717;0;15717;0;15717;0;154;0;0;0;0;0;0;15717;0
FRENTE AMPLIO;CERRO LARGO;REPRESENTANTES;3311;IVONNE LIMA;95839;95839;50839;0;0;45000;125;0;0;0;10000;35000;0;95839;95839
FRENTE AMPLIO;CERRO LARGO;REPRESENTANTES;5271;CARLOS SÁNCHEZ;                         -  ;0;7000;0;0;0;109;0;0;0;0;0;0;4600;4600
FRENTE AMPLIO;CERRO LARGO;REPRESENTANTES;7711;GUSTAVO SPERA;377816;20000;357816;20000;357816;0;3508;0;0;0;0;0;0;377816;20000
FRENTE AMPLIO;CERRO LARGO;REPRESENTANTES;8713;VICTOR DA COSTA;167034;37800;129234;0;129234;31800;1267;0;0;0;2000;29800;0;167020;37786
FRENTE AMPLIO;CERRO LARGO;REPRESENTANTES;2199738;PABLO GUARINO;760205;545205;651000;81200;215000;28005;6398;0;0;0;0;0;28005;665845;450845
FRENTE AMPLIO;CERRO LARGO;REPRESENTANTES;6091001;LUIS ALFREDO FRATTI;1307123;1307123;1307123;0;0;0;8840;1;0;0;0;0;0;1307123;1307123
FRENTE AMPLIO;COLONIA;REPRESENTANTES;609;MERCEDES SANTALLA;1721934;1721934;1721934;0;0;0;14691;1;0;0;0;0;0;1721934;1721934
FRENTE AMPLIO;COLONIA;REPRESENTANTES;871;RAUL CAMPANELLA;13165;13165;13165;0;0;0;129;0;0;0;0;0;0;13165;13165
FRENTE AMPLIO;COLONIA;REPRESENTANTES;959;ARILDO SANCHEZ;59700;59700;40000;19700;0;0;393;0;0;0;0;0;0;27000;27000
FRENTE AMPLIO;COLONIA;REPRESENTANTES;983;MICHAEL CARLOS SKAFAR;3236788;2342418;1559190;1364598;894370;313000;6111;0;0;0;0;300000;13000;1889338,06;1088518,06
FRENTE AMPLIO;COLONIA;REPRESENTANTES;1001;OSCAR ANDRADE;294425;0;294425;0;294425;0;2853;0;0;0;0;0;0;294425;0
FRENTE AMPLIO;COLONIA;REPRESENTANTES;1642;DAMIAN BATISTA;36636;36636;36636;0;0;0;359;0;0;0;0;0;0;0;0
FRENTE AMPLIO;COLONIA;REPRESENTANTES;1968;PABLO DANIEL CABRERA STALLATELLI;47645;17902;47645;0;29743;0;239;0;0;0;0;0;0;42187,35505;12444,8298
FRENTE AMPLIO;COLONIA;REPRESENTANTES;2121;WILLIAM DANIEL GEYMONAT PEREZ;1092506;384530;707976;335750;707976;48780;6937;0;0;48780;0;0;0;1081142;373166
FRENTE AMPLIO;COLONIA;REPRESENTANTES;800440;ANTONIO LONGANO;88770;22000;66770;0;66770;12000;647;0;0;0;0;12000;0;88650;21880
FRENTE AMPLIO;COLONIA;REPRESENTANTES;3293311;LUIS PURTSCHER;184914;184914;184914;0;0;0;1601;0;0;0;0;0;0;31487;31487
FRENTE AMPLIO;COLONIA;REPRESENTANTES;7117705;LUIS MENORET;20000;20000;0;20000;0;0;5476;0;0;0;0;0;0;20000;20000
FRENTE AMPLIO;DURAZNO;REPRESENTANTES;711;MARGARETH ALONSO;20000;20000;0;20000;0;0;2603;0;0;0;0;0;0;20000;20000
FRENTE AMPLIO;DURAZNO;REPRESENTANTES;871;RAUL CAMPANELLA;9491;0;9491;0;9491;0;93;0;0;0;0;0;0;9491;0
FRENTE AMPLIO;DURAZNO;REPRESENTANTES;1971;RAUL MARIO LICANDRO CHIESA;164194;117084;114194;0;47110;50000;1119;0;0;0;0;50000;0;162898;115788
FRENTE AMPLIO;DURAZNO;REPRESENTANTES;7373;JUAN CARLOS GÓMEZ BOTTERO;14419;0;14419;0;14419;0;139;0;0;0;0;0;0;14419;0
FRENTE AMPLIO;DURAZNO;REPRESENTANTES;9393;EDUARDO MÉNDEZ CAMARÁN;17000;0;17000;0;17000;0;172;0;0;0;0;0;0;17000;0
FRENTE AMPLIO;DURAZNO;REPRESENTANTES;212190;MARIA ARGUELLO;1408317;435704;972612;435705;972613;0;3812;0;0;0;0;0;0;898446,15;441318,15
FRENTE AMPLIO;DURAZNO;REPRESENTANTES;6091001;MARTIN TIERNO;1176143;1176143;1176143;0;0;0;8407;1;0;0;0;0;0;1176143;1176143
FRENTE AMPLIO;FLORES;REPRESENTANTES;1642;LUCIANA OHOLEGUY;15614;15614;15614;0;0;0;153;0;0;0;0;0;0;0;0
FRENTE AMPLIO;FLORES;REPRESENTANTES;1968;PABLO DANIEL CABRERA STELLATELLI;15574;3677;15574;0;11897;0;56;0;0;0;0;0;0;16910,69949;5013,689494
FRENTE AMPLIO;FLORES;REPRESENTANTES;3311;RUBEN MONTAÑO;30000;24864;12450;37000;5136;0;122;0;0;0;0;0;0;37338;32202
FRENTE AMPLIO;FLORES;REPRESENTANTES;7373;RAQUEL SUSANA UMPIÉRREZ LEZUE;38151;0;38151;0;38151;0;367;0;0;0;0;0;0;38151;0
FRENTE AMPLIO;FLORES;REPRESENTANTES;90810;JUAN FEDERICO RUIZ;1408317;855673;552644;484956;552644;0;2166;1;0;0;0;0;0;462360,57;202617,57
FRENTE AMPLIO;FLORES;REPRESENTANTES;775005;CARLOS ROMERO;70230;70230;69230;0;0;0;666;0;0;0;0;0;0;76320;76320
FRENTE AMPLIO;FLORES;REPRESENTANTES;609772121;GUZMAN PEDREIRA;551244;551244;551244;0;0;0;1733;0;0;0;0;0;0;551244;551244
FRENTE AMPLIO;FLORES;REPRESENTANTES;7111071001;ATANASILDO MODERNELL;20000;20000;                         -  ;20000;0;0;1514;0;0;0;0;0;0;20000;20000
FRENTE AMPLIO;FLORIDA;REPRESENTANTES;800;EDGARDO FERREIRA;81923;33500;48423;0;48423;18900;468;0;0;0;0;18900;0;81895;33472
FRENTE AMPLIO;FLORIDA;REPRESENTANTES;871;RAUL CAMPANELLA;13370;0;13370;0;13370;0;131;0;0;0;0;0;0;13370;0
FRENTE AMPLIO;FLORIDA;REPRESENTANTES;1968;PABLO DANIEL CABRERA STELLATELLI;19181;7284;19181;0;11897;0;97;0;0;0;0;0;0;16910,69949;5013,689494
FRENTE AMPLIO;FLORIDA;REPRESENTANTES;3311;ARIEL PISANO SANCHEZ;37000;37000;37000;0;0;0;1336;0;0;0;0;0;0;32225;32225
FRENTE AMPLIO;FLORIDA;REPRESENTANTES;7373;MARIA JACQUELINE DÁRDANO ROSSINI;63321;0;63321;0;63321;0;612;0;0;0;0;0;0;63320,92;0
FRENTE AMPLIO;FLORIDA;REPRESENTANTES;9393;EDUARDO MENDEZ CAMARAN;10200;0;10200;0;10200;0;150;0;0;0;0;0;0;10200;0
FRENTE AMPLIO;FLORIDA;REPRESENTANTES;902121;ALEJANDRO RAÚL ECHEVERRÍA DE LEÓN ;979711;615262;364449;434125;364449;181137;3571;0;33296;0;0;147841;0;961644;961644
FRENTE AMPLIO;FLORIDA;REPRESENTANTES;6091001;CARLOS RODRIGUEZ;967043;967043;967043;0;0;0;7388;1;0;0;0;0;0;967043;967043
FRENTE AMPLIO;FLORIDA;REPRESENTANTES;7117705103;JUAN GIACHETO;20000;20000;                         -  ;20000;0;0;6952;0;0;0;0;0;0;20000;20000
FRENTE AMPLIO;LAVALLEJA;REPRESENTANTES;711;PABLO MAZZONI;94000;94000;                         -  ;0;0;94000;3068;0;74000;15000;0;0;5000;257000;257000
FRENTE AMPLIO;LAVALLEJA;REPRESENTANTES;871;RAUL CAMPANELLA;9287;0;9287;0;9287;0;91;0;0;0;0;0;0;9287;0
FRENTE AMPLIO;LAVALLEJA;REPRESENTANTES;1001;JULIAN MAZONI;187704;0;187704;0;187704;0;1814;0;0;0;0;0;0;187704;0
FRENTE AMPLIO;LAVALLEJA;REPRESENTANTES;1968;PABLO DANIEL CABRERA STELLATELLI;17861;5964;17861;0;11897;0;82;0;0;0;0;0;0;16910,69949;5013,689494
FRENTE AMPLIO;LAVALLEJA;REPRESENTANTES;2121;ERNESTO CESAR ESTRADA;290010;290010;260000;0;0;30010;3774;0;0;0;0;30010;0;290002;290002
FRENTE AMPLIO;LAVALLEJA;REPRESENTANTES;3041;GONZALO OLIVERA ;66754;43630;43630;0;23124;0;172;0;0;0;0;0;0;26624;3500
FRENTE AMPLIO;LAVALLEJA;REPRESENTANTES;3311;EMILIA ALMEIDA;60985;34917;58985;0;26068;2000;578;0;0;0;2000;0;0;54390;28322
FRENTE AMPLIO;LAVALLEJA;REPRESENTANTES;5271;CARLOS SÁNCHEZ;6000;6000;6000;0;0;0;46;0;0;0;0;0;0;700;700
FRENTE AMPLIO;LAVALLEJA;REPRESENTANTES;7373;HEBERT CLAVIJO QUIRQUE ;108027;0;108027;0;108027;0;1044;0;0;0;0;0;0;108027;0
FRENTE AMPLIO;LAVALLEJA;REPRESENTANTES;90609;JAVIER ERNESTO UMPIERREZ;1819372;537780;1281593;524904;1281592;12875;5023;1;0;0;12875;0;0;1170511,91;568163,91
FRENTE AMPLIO;LAVALLEJA;REPRESENTANTES;1813800;MARIO DIAZ;82788;82788;30788;10000;0;42000;514;0;0;0;0;42000;0;75373;75373
FRENTE AMPLIO;MALDONADO;REPRESENTANTES;90;LEONARDO PEREIRA;1385229;913211;472018;776502;472018;136709;1850;0;0;0;0;0;136709;1186006,66;964158,66
FRENTE AMPLIO;MALDONADO;REPRESENTANTES;329;GABRIELA MIRAVALLE;121597;121597;121597;0;0;0;1023;0;0;0;0;0;0;20991;20991
FRENTE AMPLIO;MALDONADO;REPRESENTANTES;609;LUIS HUELMO;1332446;1332446;1332446;0;0;0;8708;0;0;0;0;0;0;1332446;1332446
FRENTE AMPLIO;MALDONADO;REPRESENTANTES;711;VICTOR MADEIRO;20000;227000;247000;20000;247000;0;2320;0;0;0;0;0;0;20000;-227000
FRENTE AMPLIO;MALDONADO;REPRESENTANTES;871;RAUL CAMPANELLA;8369;0;8369;0;8369;0;82;0;0;0;0;0;0;8369;0
FRENTE AMPLIO;MALDONADO;REPRESENTANTES;939;JUAN JOSÉ RODRÍGUEZ;130207;117745;30207;0;12462;100000;296;0;100000;0;0;0;0;112862;100400
FRENTE AMPLIO;MALDONADO;REPRESENTANTES;959;JULIO LUGO;73700;73700;20400;37700;0;0;200;0;0;0;0;0;0;46678;46678
FRENTE AMPLIO;MALDONADO;REPRESENTANTES;1001;OSCAR ANDRADE;258902;0;258902;0;258902;0;2504;0;0;0;0;0;0;258902;0
FRENTE AMPLIO;MALDONADO;REPRESENTANTES;1642;EMILIA ALMEIDA;66945;66945;39595;0;0;27350;388;0;0;0;27350;0;0;65939;65939
FRENTE AMPLIO;MALDONADO;REPRESENTANTES;1813;DR. DARÍO PÉREZ;3994044;3994044;739860;0;0;2906184;12540;1;0;396000;0;1310184;1200000;3338008;3338008
FRENTE AMPLIO;MALDONADO;REPRESENTANTES;2121;HORACIO DIAZ LOPEZ ;1119996;651958;468038;201362;468038;450596;4586;0;162594;239545;0;48457;0;1119996;651958
FRENTE AMPLIO;MALDONADO;REPRESENTANTES;3011;FRANCISCO WALTER VENTURINO;96298;96298;20298;0;0;76000;199;0;0;0;0;76000;0;75399,23;75399,23
FRENTE AMPLIO;MALDONADO;REPRESENTANTES;3311;BEATRIZ JAURENA;91884;91884;85844;0;0;6000;842;0;0;0;6000;0;0;90090;90090
FRENTE AMPLIO;MALDONADO;REPRESENTANTES;5271;CÉSAR SALVADOR VIAL CLAVIJO;10000;10000;10000;0;0;0;110;0;0;0;0;0;0;0;0
FRENTE AMPLIO;MALDONADO;REPRESENTANTES;7152;ROSA PIAZZOLI;59134;59134;22134;0;0;32000;217;0;27000;0;5000;0;0;36085;36085
FRENTE AMPLIO;MALDONADO;REPRESENTANTES;7373;SILVANA CRISTINA AMOROSO PEREIRA;18404;0;18404;0;18404;0;178;0;0;0;0;0;0;18404;0
FRENTE AMPLIO;MALDONADO;REPRESENTANTES;9393;FLAVIO MAFFONI;13000;0;13000;0;13000;0;131;0;0;0;0;0;0;13000;0
FRENTE AMPLIO;MALDONADO;REPRESENTANTES;997381305;OSCAR DE LOS SANTOS;3162400;2789900;904000;600000;372500;1658400;8859;1;0;432000;57600;0;1168800;3236943;2864443
FRENTE AMPLIO;MALDONADO;REPRESENTANTES;7750052510;SERGIO DUCLOSSON;200050;200050;109050;0;0;90000;1055;0;0;0;0;50000;40000;215680;215680
FRENTE AMPLIO;MONTEVIDEO;REPRESENTANTES;90;GONZALO CIVILA ;21171356;7312906;13858450;7312906;13858450;0;54316;3;0;0;0;0;0;13829948,97;7316477,97
FRENTE AMPLIO;MONTEVIDEO;REPRESENTANTES;329;MACARENA GELMAN;3030538;3030538;2189225;0;0;841313;18648;1;270740;0;41816;528757;0;4860225,64;4860225,64
FRENTE AMPLIO;MONTEVIDEO;REPRESENTANTES;609;ALEJANDRO SANCHEZ;21906011;21906011;12058728;0;0;9847283;168533;9;0;0;0;0;9847283;21906011;21906011
FRENTE AMPLIO;MONTEVIDEO;REPRESENTANTES;611;DIEGO OLIVERA;820479;378964;833048;171947;441515;257000;3265;0;0;0;20000;227000;10000;808946,8;367431,31
FRENTE AMPLIO;MONTEVIDEO;REPRESENTANTES;642;JUAN PABLO OLIVERAS GOYENI;340643;200113;340643;0;140530;0;3338;0;0;0;0;0;0;167610;27080
FRENTE AMPLIO;MONTEVIDEO;REPRESENTANTES;711;FELIPE CARBALLO;20000;20000;                         -  ;20000;0;0;61245;3;0;0;0;0;0;20000;20000
FRENTE AMPLIO;MONTEVIDEO;REPRESENTANTES;764;PABLO ALVAREZ;209900;209900;121440;0;0;88460;2003;0;0;0;0;0;88460;203528,55;203528,55
FRENTE AMPLIO;MONTEVIDEO;REPRESENTANTES;871;RAUL CAMPANELLA;56540;0;56540;0;56540;0;554;0;0;0;0;0;0;56540;0
FRENTE AMPLIO;MONTEVIDEO;REPRESENTANTES;890;CARLOS GAMOU;694924;694924;154924;0;0;540000;128;0;0;0;0;540000;0;815597;815597
FRENTE AMPLIO;MONTEVIDEO;REPRESENTANTES;906;ENRIQUE SARAVIA;2354706;2354706;672255;0;0;1153450;6507;0;500000;373450;280000;0;0;3065000;3065000
FRENTE AMPLIO;MONTEVIDEO;REPRESENTANTES;959;VICTOR FERNANDEZ;767018;767018;489018;278000;0;0;1272;0;0;0;0;0;0;740018;740018
FRENTE AMPLIO;MONTEVIDEO;REPRESENTANTES;1001;OSCAR ANDRADE;2733120;0;2733120;0;2733120;0;26484;1;0;0;0;0;0;2733120;0
FRENTE AMPLIO;MONTEVIDEO;REPRESENTANTES;1303;GONZALO REBOLEDO;432772;432772;253572;0;0;179200;2576;0;0;0;0;40000;139200;391581,4;391581,4
FRENTE AMPLIO;MONTEVIDEO;REPRESENTANTES;1419;JUAN BERNARDO TRECCA TRAPANI;319543;27994;550092;0;291549;61000;2156;0;0;0;36000;20000;5000;58,853;-291490,147
FRENTE AMPLIO;MONTEVIDEO;REPRESENTANTES;1642;CHRISTIAN DI CANDIA;459505;459505;375952;0;0;83553;3684;0;0;0;50853;20000;12700;615212;615212
FRENTE AMPLIO;MONTEVIDEO;REPRESENTANTES;1968;PABLO DANIEL CABRERA STALLATELLI;400915;133232;400915;0;267683;0;1834;0;0;0;0;0;0;433759,7385;166077,0136
FRENTE AMPLIO;MONTEVIDEO;REPRESENTANTES;2121;CARLOS RICARDO VARELA NESTIER;14104283;11835362;5500414;5115149;2268921;3488720;53895;3;333460;2186368;72000;896892;0;14104283;11835362
FRENTE AMPLIO;MONTEVIDEO;REPRESENTANTES;3041;CARLOS ALBERTO RODRIGUEZ;162394;106140;106140;0;56254;0;433;0;0;0;0;0;0;70366,5;14112,5
FRENTE AMPLIO;MONTEVIDEO;REPRESENTANTES;3311;LUIS PUIG;2133355;503255;2133355;0;1630101;0;20905;1;0;0;0;0;0;2131390,5;501290
FRENTE AMPLIO;MONTEVIDEO;REPRESENTANTES;6009;VICTOR SEMPRONI;6914130;6914130;5867964;248761;0;760318;17145;1;0;69499;0;690819;0;981018;981018
FRENTE AMPLIO;MONTEVIDEO;REPRESENTANTES;7152;JORGE MACIAS;38677;22711;38677;0;15966;0;379;0;0;0;0;0;0;0;-15966
FRENTE AMPLIO;MONTEVIDEO;REPRESENTANTES;7373;ANGEL ANTRONIO SÁNCHEZ SILVA;347678;0;347678;0;347678;0;3369;0;0;0;0;0;0;347678;0
FRENTE AMPLIO;MONTEVIDEO;REPRESENTANTES;9393;ALBERTO GARATEGUY;82000;0;82000;0;82000;0;821;0;0;0;0;0;0;82000;0
FRENTE AMPLIO;MONTEVIDEO;REPRESENTANTES;99738;FERNANDO LORENZO;7273600;4518713;2098000;0;2754887;5175600;20562;1;3027600;1728000;0;420000;0;12325863;9570976
FRENTE AMPLIO;MONTEVIDEO;REPRESENTANTES;181563;ALEJANDRO OSTRIA;177810;0;177810;0;177810;0;1723;0;0;0;0;0;0;177810;0
FRENTE AMPLIO;MONTEVIDEO;REPRESENTANTES;775005;JOSÉ BAYARDI;1290500;1290500;1289500;0;0;0;12496;0;0;0;0;0;0;1424000;1424000
FRENTE AMPLIO;MONTEVIDEO;REPRESENTANTES;1813800;JOSÉ ANTONIO MALDONADO;615751;615751;133576;460000;0;22175;2264;0;400;0;0;21775;0;576872,64;576872,64
FRENTE AMPLIO;PAYSANDÚ;REPRESENTANTES;90;JULIO MIGUEL PINTOS;1955063;769595;1157592;780599;1185467;16871;4537;0;0;0;16871;0;0;1547610,843;1003542,41
FRENTE AMPLIO;PAYSANDÚ;REPRESENTANTES;609;CECILIA BOTTINO;2035122;2035122;1985122;0;0;0;15786;1;0;0;0;0;0;2035122;2035122
FRENTE AMPLIO;PAYSANDÚ;REPRESENTANTES;800;ANDRÉS ANDRADA;86357;86357;59857;0;0;16500;580;0;0;0;0;16500;0;86172;86172
FRENTE AMPLIO;PAYSANDÚ;REPRESENTANTES;871;MARCELO FAGUNDEZ;37353;0;37353;0;37353;0;366;0;0;0;0;0;0;37353;0
FRENTE AMPLIO;PAYSANDÚ;REPRESENTANTES;921;MARIO SAN JUAN;144632;144632;28632;30000;0;0;478;0;0;0;0;0;0;54100;54100
FRENTE AMPLIO;PAYSANDÚ;REPRESENTANTES;1642;IGNACIO ERBAGGI;27758;27758;27758;0;0;0;272;0;0;0;0;0;0;0;0
FRENTE AMPLIO;PAYSANDÚ;REPRESENTANTES;1813;JUAN RAMON BENITEZ;90150;90150;                         -  ;90150;0;0;439;0;0;0;0;0;0;0;0
FRENTE AMPLIO;PAYSANDÚ;REPRESENTANTES;1968;PABLO DANIEL CABRERA STELLATELLI;23691;8819;23691;0;14871;0;118;0;0;0;0;0;0;21138,37171;6267,111858
FRENTE AMPLIO;PAYSANDÚ;REPRESENTANTES;2121;MARCO ANTONIO GARCIA ARTOLA;1464154;694736;764619;689375;769418;10160;7492;0;4800;0;260;0;5100;1442000;672582
FRENTE AMPLIO;PAYSANDÚ;REPRESENTANTES;3311;MARIO ALBERTO DÍAZ DE LEÓN;171138;100536;171138;0;70602;0;1677;0;0;0;0;0;0;160602;90000
FRENTE AMPLIO;PAYSANDÚ;REPRESENTANTES;474959;SAUL VILLAGRAN;143000;143000;84000;59000;0;0;663;0;0;0;0;0;0;49000;49000
FRENTE AMPLIO;PAYSANDÚ;REPRESENTANTES;711100177;PATRICIA VOLPE;20000;20000;307000;20000;0;0;7999;0;0;0;0;0;0;20000;20000
FRENTE AMPLIO;RÍO NEGRO;REPRESENTANTES;90;MARILYN MAZANTTI ;678905;510780;357713;267280;168125;53912;1402;0;0;0;53912;0;0;527182,08;359057,08
FRENTE AMPLIO;RÍO NEGRO;REPRESENTANTES;609;GRACIELA CACERES;522332;522332;522332;0;0;0;3456;0;0;0;0;0;0;522332;522332
FRENTE AMPLIO;RÍO NEGRO;REPRESENTANTES;871;RAUL CAMPANELLA;7756;0;7756;0;7756;0;76;0;0;0;0;0;0;7756;0
FRENTE AMPLIO;RÍO NEGRO;REPRESENTANTES;959;HECTOR VIERA;74054;74054;18704;47650;0;7700;180;0;0;0;0;7700;0;74000;74000
FRENTE AMPLIO;RÍO NEGRO;REPRESENTANTES;1813;LUIS DA COSTA;185450;185450;67101;15000;0;103349;586;0;0;0;0;103349;0;181843;181843
FRENTE AMPLIO;RÍO NEGRO;REPRESENTANTES;1968;PABLO DANIEL CABRERA STELLATELLI;18048;6151;18048;0;11897;0;75;0;0;0;0;0;0;16819,7904;4922,780404
FRENTE AMPLIO;RÍO NEGRO;REPRESENTANTES;3311;PABLO ENRIQUE CENTURIÓN;35513;20862;35513;0;14651;0;348;0;0;0;0;0;0;37211;22560
FRENTE AMPLIO;RÍO NEGRO;REPRESENTANTES;5271;JUAN SARDELA VIZOSA;10000;10000;10000;0;0;0;214;0;0;0;0;0;0;0;0
FRENTE AMPLIO;RÍO NEGRO;REPRESENTANTES;212199738;CONSTANTE MENDIONDO;727100;462100;643000;84100;265000;0;6300;1;0;0;0;0;0;637726;372726
FRENTE AMPLIO;RÍO NEGRO;REPRESENTANTES;711771001;ALVARO DEBALI;467140;467140;466140;0;0;0;4486;0;0;0;0;0;0;465000;465000
FRENTE AMPLIO;RIVERA;REPRESENTANTES;33;HEBER DA SILVA FERRAO;338921;338921;178921;80000;0;80000;2987;0;0;0;0;80000;0;317966;317966
FRENTE AMPLIO;RIVERA;REPRESENTANTES;738;NESTOR LÓPEZ AREZO;576000;368000;504000;72000;208000;0;4941;0;0;0;0;0;0;577476;369476
FRENTE AMPLIO;RIVERA;REPRESENTANTES;871;RAUL CAMPANELLA;23984;0;23984;0;23984;0;235;0;0;0;0;0;0;23984;0
FRENTE AMPLIO;RIVERA;REPRESENTANTES;959;RUBENSON SILVA;257754;257754;257754;0;0;0;3115;0;0;0;0;0;0;57464;57464
FRENTE AMPLIO;RIVERA;REPRESENTANTES;3311;RICARDO GIORELLO;63432;39439;43432;20000;23993;6784;532;0;0;0;0;6784;0;70216;46223
FRENTE AMPLIO;RIVERA;REPRESENTANTES;90609;FABIAN FONTOURA;2460003;468852;1991151;468852;1991151;0;7804;0;0;0;0;0;0;1404692;468852
FRENTE AMPLIO;RIVERA;REPRESENTANTES;711100177;SAUL ARISTIMUÑO;692881;20000;652881;40000;672881;0;8001;1;0;0;0;0;0;692881;20000
FRENTE AMPLIO;ROCHA;REPRESENTANTES;7;MILTON IBARRA;20000;20000;                         -  ;20000;0;0;3790;0;0;0;0;0;0;20000;20000
FRENTE AMPLIO;ROCHA;REPRESENTANTES;764;OTILIA RODRIGUEZ;19014;19014;9014;0;0;10000;148;0;0;0;0;0;10000;17800;17800
FRENTE AMPLIO;ROCHA;REPRESENTANTES;800;NO FIGURA EN LA PAGINA DE LA CORTE ELECTORAL;                         -  ;0;                         -  ;0;0;0;609;0;0;0;0;0;0;0;0
FRENTE AMPLIO;ROCHA;REPRESENTANTES;959;DIANA VIDAL;47488;47488;12788;34700;0;0;312;0;0;0;0;0;0;20000;20000
FRENTE AMPLIO;ROCHA;REPRESENTANTES;1813;JOSE LUIS GAMON;167364;167364;67088;98000;0;2276;1120;0;0;0;0;2276;0;160276;160276
FRENTE AMPLIO;ROCHA;REPRESENTANTES;1881;CARLOS SÁNCHEZ;5000;5000;5000;0;0;0;70;0;0;0;0;0;0;3500;3500
FRENTE AMPLIO;ROCHA;REPRESENTANTES;1968;PABLO DANIEL CABRERA STELLATELLI;21139;6268;21139;0;14871;0;89;0;0;0;0;0;0;21024,73535;6153,475494
FRENTE AMPLIO;ROCHA;REPRESENTANTES;2121;PABLO ARTIGAS BARRIOS LASSO;957283;427501;529783;427500;529782;0;5191;0;0;0;0;0;0;960756;430974
FRENTE AMPLIO;ROCHA;REPRESENTANTES;3311;ALDA PÉREZ;120317;67144;120317;0;53173;0;1179;0;0;0;0;0;0;109988;56815
FRENTE AMPLIO;ROCHA;REPRESENTANTES;7373;JUAN CARLOS  COLA ABARNO;57638;0;57638;0;57638;0;556;0;0;0;0;0;0;57638;0
FRENTE AMPLIO;ROCHA;REPRESENTANTES;90609;HECTOR ANIBAL PEREIRA;3450199;904874;2545326;859873;2545325;45000;9976;1;0;0;45000;0;0;2246047,51;1049745,51
FRENTE AMPLIO;SALTO;REPRESENTANTES;90;JUAN JOSÉ LEAL;1591538;1194729;844274;596368;396809;150896;3309;0;0;0;6500;41500;102896;1214856,47;818047,47
FRENTE AMPLIO;SALTO;REPRESENTANTES;609;MANUELA MUTTI;1304435;1304435;1304435;0;0;0;9859;1;0;0;0;0;0;1304435;1304435
FRENTE AMPLIO;SALTO;REPRESENTANTES;871;MARIANA CENTRON;39394;0;39394;0;39394;0;386;0;0;0;0;0;0;39394;0
FRENTE AMPLIO;SALTO;REPRESENTANTES;959;JUAN LAGAXIO;75026;75026;75026;0;0;0;911;0;0;0;0;0;0;35513;35513
FRENTE AMPLIO;SALTO;REPRESENTANTES;1001;REGINO LOPEZ;234610;0;234610;0;234610;0;2279;0;0;0;0;0;0;234610;0
FRENTE AMPLIO;SALTO;REPRESENTANTES;1642;FEDERICO PREVE COCCO;46535;46535;46535;0;0;0;456;0;0;0;0;0;0;0;0
FRENTE AMPLIO;SALTO;REPRESENTANTES;3311;EDUARDO DANIEL CATTANI;121514;76046;110214;0;45468;11300;1080;0;0;0;0;7000;4300;115572;70104
FRENTE AMPLIO;SALTO;REPRESENTANTES;7373;JOSE MIGUEL RODRIGUEZ IGARI;16574;0;16574;0;16574;0;161;0;0;0;0;0;0;16574;0
FRENTE AMPLIO;SALTO;REPRESENTANTES;21938;SOLEDAD MARAZZANO;1160800;840600;776800;384000;320200;0;7634;0;0;0;0;0;0;1177776;857576
FRENTE AMPLIO;SALTO;REPRESENTANTES;775005;MARIO DE LOS SANTOS;114200;114200;113200;0;0;0;1100;0;0;0;0;0;0;122573;122573
FRENTE AMPLIO;SALTO;REPRESENTANTES;888711;ANDRES LIMA;20000;20000;                         -  ;20000;0;0;16486;1;0;0;0;0;0;20000;20000
FRENTE AMPLIO;SALTO;REPRESENTANTES;1813800;WILSON SENA;148284;148284;81284;20000;0;47000;1357;0;0;0;0;47000;0;79994;79994
FRENTE AMPLIO;SAN JOSÉ;REPRESENTANTES;17;JORGE W GARCIA ;274700;274700;160000;0;0;114700;1570;0;0;0;0;114700;0;94673;94673
FRENTE AMPLIO;SAN JOSÉ;REPRESENTANTES;90;JAVIER GUTIERREZ;1591538;602852;988686;610791;988686;30643;3875;0;0;0;0;0;30643;1145343,58;680661,58
FRENTE AMPLIO;SAN JOSÉ;REPRESENTANTES;347;RUBEN HERNANDORENA;92928;92928;18928;34000;0;40000;316;0;0;0;0;40000;0;93364;93364
FRENTE AMPLIO;SAN JOSÉ;REPRESENTANTES;711;FABIO REYES;460852;40000;420852;40000;420852;0;4198;0;0;0;0;0;0;440852;20000
FRENTE AMPLIO;SAN JOSÉ;REPRESENTANTES;871;LEONEL MOLINELLI;9083;0;9083;0;9083;0;89;0;0;0;0;0;0;9083;0
FRENTE AMPLIO;SAN JOSÉ;REPRESENTANTES;959;ARMANDO CÉSPEDES;39777;39777;10077;29700;0;0;258;0;0;0;0;0;0;8000;8000
FRENTE AMPLIO;SAN JOSÉ;REPRESENTANTES;1968;PABLO DANIEL CABRERA STELLATELLI;20853;8956;20853;0;11897;0;116;0;0;0;0;0;0;16819,7904;4922,780404
FRENTE AMPLIO;SAN JOSÉ;REPRESENTANTES;2121;PABLO URRETA;1353446;485749;867696;463750;867697;22000;8502;0;0;0;0;22000;0;1303447;435750
FRENTE AMPLIO;SAN JOSÉ;REPRESENTANTES;3311;FERNÁNDEZ SAAVEDRA, ANA GABRIELA;269138;179929;216138;0;89209;53000;2119;0;0;0;0;10000;43000;209658;120449
FRENTE AMPLIO;SAN JOSÉ;REPRESENTANTES;5271;PABLO HOLFMAN;4000;4000;4000;0;0;0;49;0;0;0;0;0;0;0;0
FRENTE AMPLIO;SAN JOSÉ;REPRESENTANTES;775005;PABLO CORTÉS;112480;112480;111480;0;0;0;1078;0;0;0;0;0;0;115295;115295
FRENTE AMPLIO;SAN JOSÉ;REPRESENTANTES;60910017373;WALTER DE LEON;1142917;0;1142917;0;1142917;0;11051;1;0;0;0;0;0;1142917;0
FRENTE AMPLIO;SORIANO;REPRESENTANTES;642;ALEXIS DAMIÀN ALONSO PEREZ;44698;26258;44698;0;18440;0;438;0;0;0;0;0;0;35579;17139
FRENTE AMPLIO;SORIANO;REPRESENTANTES;800;MARTIN IBARBURU;56576;56576;56576;0;0;0;683;0;0;0;0;0;0;0;0
FRENTE AMPLIO;SORIANO;REPRESENTANTES;1001;ANTONIO BENITEZ;375655;0;375655;0;375655;0;3628;0;0;0;0;0;0;375655;0
FRENTE AMPLIO;SORIANO;REPRESENTANTES;1642;FLORENCIA CALDES;17144;17144;17144;0;0;0;168;0;0;0;0;0;0;0;0
FRENTE AMPLIO;SORIANO;REPRESENTANTES;1968;PABLO DANIEL CABRERA STELLATELLI;21667;6796;21667;0;14871;0;95;0;0;0;0;0;0;21024,73535;6153,475494
FRENTE AMPLIO;SORIANO;REPRESENTANTES;2121;JULIO CESAR GUASTAVINO AGUIAR;1419395;642530;776865;593750;776865;48780;7612;0;0;48780;0;0;0;1419216;642351
FRENTE AMPLIO;SORIANO;REPRESENTANTES;3311;BETINA TALICE PIÑEYRO ZIPITRÍA;50000;50000;50000;0;0;0;722;0;0;0;0;0;0;29809;29809
FRENTE AMPLIO;SORIANO;REPRESENTANTES;5271;JUAN SARDELA VIZOSA;7000;7000;7000;0;0;0;67;0;0;0;0;0;0;0;0
FRENTE AMPLIO;SORIANO;REPRESENTANTES;6009;WALTER MAIDANA;198826;198826;189526;0;0;9300;2288;0;9300;0;0;0;0;9300;9300
FRENTE AMPLIO;SORIANO;REPRESENTANTES;90609;ENZO MALAN;1496264;1496264;1496264;0;0;0;7851;1;0;0;0;0;0;1496264;1496264
FRENTE AMPLIO;SORIANO;REPRESENTANTES;711764;RAMON MASTANDREA;151424;151424;42198;95000;0;14226;4833;0;0;0;0;14226;0;151424;151424
FRENTE AMPLIO;SORIANO;REPRESENTANTES;775005;GIANINA PRADO;112400;112400;111400;0;0;0;1300;0;0;0;0;0;0;118930;118930
FRENTE AMPLIO;TACUAREMBÓ;REPRESENTANTES;609;EDGARDO RODRIGUEZ;1573457;1573457;1573457;0;0;0;12073;1;0;0;0;0;0;1573457;1573457
FRENTE AMPLIO;TACUAREMBÓ;REPRESENTANTES;800;MARY FRUGONI;142270;45000;97270;0;97270;35000;945;0;0;0;0;35000;0;142141,5;44871,5
FRENTE AMPLIO;TACUAREMBÓ;REPRESENTANTES;871;ALFREDO CORREA;18268;0;18268;0;18268;0;179;0;0;0;0;0;0;18268;0
FRENTE AMPLIO;TACUAREMBÓ;REPRESENTANTES;1968;PABLO DANIEL CABRERA STELLATELLI;19269;7372;19269;0;11897;0;98;0;0;0;0;0;0;16819,7904;4922,780404
FRENTE AMPLIO;TACUAREMBÓ;REPRESENTANTES;2275;JUAN CARLOS GÓMEZ DE FREITAS BOGGIO;18836;0;18836;0;18836;0;183;0;0;0;0;0;0;18836;0
FRENTE AMPLIO;TACUAREMBÓ;REPRESENTANTES;3311;MAGALI LEGAZCUE;69350;69350;69350;0;0;0;631;0;0;0;0;0;0;0;0
FRENTE AMPLIO;TACUAREMBÓ;REPRESENTANTES;9393;EDUARDO MENDEZ CAMARAN;10200;0;10200;0;10200;0;116;0;0;0;0;0;0;10200;0
FRENTE AMPLIO;TACUAREMBÓ;REPRESENTANTES;902121;ROSANO RICARDO;1648661;972257;1276235;372426;676404;0;5002;0;0;0;0;0;0;984588;384758
FRENTE AMPLIO;TACUAREMBÓ;REPRESENTANTES;711100177;RUDIAR ESQUIVO;20000;20000;                         -  ;20000;0;0;8485;0;0;0;0;0;0;20000;20000
FRENTE AMPLIO;TREINTA Y TRES;REPRESENTANTES;711;AROLDO PIMIENTA;20000;20000;                         -  ;20000;0;0;1197;0;0;0;0;0;0;20000;20000
FRENTE AMPLIO;TREINTA Y TRES;REPRESENTANTES;871;RAUL CAMPANELLA;7042;0;7042;0;7042;0;69;0;0;0;0;0;0;7042;0
FRENTE AMPLIO;TREINTA Y TRES;REPRESENTANTES;1968;MARÍA LETICIA ARREDONDO LARROSA;17861;5964;17861;0;11897;0;82;0;0;0;0;0;0;16819,7904;4922,780404
FRENTE AMPLIO;TREINTA Y TRES;REPRESENTANTES;2121;NINO MEDINA;1027606;700000;327606;632500;327606;0;3210;0;0;0;0;0;0;923372;595766
FRENTE AMPLIO;TREINTA Y TRES;REPRESENTANTES;3311;MATILDE SUSANA VINAY ALVAREZ;120774;91683;70516;0;29091;50258;691;0;1480;0;0;48778;0;120769;91678
FRENTE AMPLIO;TREINTA Y TRES;REPRESENTANTES;4090;SERGIO MIER;1844527;444547;1399980;443817;1399980;730;5487;1;0;0;730;0;0;1125000,96;467009,96
FRENTE AMPLIO;TREINTA Y TRES;REPRESENTANTES;5271;CARLOS SÁNCHEZ;5000;5000;5000;0;0;0;17;0;0;0;0;0;0;3500;3500
FRENTE AMPLIO;TREINTA Y TRES;REPRESENTANTES;7373;JOSE ALFREDO PUIGDEVALL TONNA;12419;0;12419;0;12419;0;120;0;0;0;0;0;0;12419;0
FRENTE AMPLIO;TREINTA Y TRES;REPRESENTANTES;775005;JOHN ACOSTA;55700;55700;54700;0;0;0;529;0;0;0;0;0;0;65431;65431
FRENTE AMPLIO;TREINTA Y TRES;REPRESENTANTES;6091001;FRANCISCO DA SILVA;575561;575561;575561;0;0;0;3715;0;0;0;0;0;0;575561;575561
PARTIDO NACIONAL;ARTIGAS;REPRESENTANTES;244;ALVARO GERMANO;10200;10200;                         -  ;0;0;10200;267;0;10200;0;0;0;0;10200;10200
PARTIDO NACIONAL;ARTIGAS;REPRESENTANTES;404;RODOLFO CARAM;187000;187000;187000;0;0;0;2227;0;0;0;0;0;0;2836252,96;2836252,96
PARTIDO NACIONAL;ARTIGAS;REPRESENTANTES;816;JULIO CESAR SILVEIRA CORREA;1081229;1081229;898656;0;0;182573;8643;0;0;0;0;53200;129373;1081229,3;1081229,3
PARTIDO NACIONAL;ARTIGAS;REPRESENTANTES;903;NO FIGURA EN LA PAGINA DE LA CORTE ELECTORAL;                         -  ;0;0;0;0;0;528;0;0;0;0;0;0;0;0
PARTIDO NACIONAL;ARTIGAS;REPRESENTANTES;2014;MARIO AYALA;1636017;1636017;734563;0;0;901454;8831;1;252320;153000;38430;457704;0;901453,51;901453,51
PARTIDO NACIONAL;CANELONES;REPRESENTANTES;45;WALKER AMARILLO LOPEZ;72292;72292;72292;0;0;0;700;0;0;0;0;0;0;75178;75178
PARTIDO NACIONAL;CANELONES;REPRESENTANTES;71;LARA, JULIO;243982;243982;243982;0;0;0;1;0;0;0;0;0;0;243982;243982
PARTIDO NACIONAL;CANELONES;REPRESENTANTES;206;NO FIGURA EN LA PAGINA DE LA CORTE ELECTORAL;                         -  ;0;0;0;0;0;49;0;0;0;0;0;0;0;0
PARTIDO NACIONAL;CANELONES;REPRESENTANTES;244;ALVARO GERMANO;10200;10200;                         -  ;0;0;10200;863;0;10200;0;0;0;0;10200;10200
PARTIDO NACIONAL;CANELONES;REPRESENTANTES;400;AMIN NIFFOURI BLANCO;6125780;3009600;4725780;0;3116180;1400000;45760;2;0;0;0;1400000;0;6126920;3010740
PARTIDO NACIONAL;CANELONES;REPRESENTANTES;903;JAVIER RADICCIONI ;647398;647398;647398;0;0;0;6530;0;0;0;0;0;0;484970,77;484970,77
PARTIDO NACIONAL;CANELONES;REPRESENTANTES;1404;FERNANDO CROSA;785494;785494;542494;33000;0;210000;5253;0;0;0;0;200000;10000;89193;89193
PARTIDO NACIONAL;CANELONES;REPRESENTANTES;2014;DANIEL PEÑA;11325000;11325000;7500000;0;0;3825000;38216;2;0;0;0;2900000;925000;11320500;11320500
PARTIDO NACIONAL;CANELONES;REPRESENTANTES;3504;ALEM GARCIA ;61796;61796;11796;0;0;50000;335;0;0;0;0;50000;0;132356;132356
PARTIDO NACIONAL;CANELONES;REPRESENTANTES;504206;JORGE NESTOR SERPA PEREIRA;169908;169908;23408;0;0;146500;217;0;0;0;0;146500;0;169908;169908
PARTIDO NACIONAL;CANELONES;REPRESENTANTES;504504;NO FIGURA EN LA PAGINA DE LA CORTE ELECTORAL;                         -  ;0;0;0;0;0;0;0;0;0;0;0;0;0;0
PARTIDO NACIONAL;CERRO LARGO;REPRESENTANTES;2;ERNESTO DEHL;729080;729080;259080;0;0;470000;2540;0;0;0;0;470000;0;716594;716594
PARTIDO NACIONAL;CERRO LARGO;REPRESENTANTES;3;JOSE  YURRAMENDI PEREZ;2106694;2106694;1350310;0;0;756384;14394;1;264972;135500;34500;321412;0;2106694;2106694
PARTIDO NACIONAL;CERRO LARGO;REPRESENTANTES;244;ALVARO GERMANO;10200;10200;                         -  ;0;0;10200;293;0;10200;0;0;0;0;10200;10200
PARTIDO NACIONAL;CERRO LARGO;REPRESENTANTES;404;AMBROSIO BARREIRO;509050;509050;509050;0;0;0;4988;0;0;0;0;0;0;479952;479952
PARTIDO NACIONAL;CERRO LARGO;REPRESENTANTES;903;DR. MILTON DA SILVA ARAUJO;476902;476902;244902;0;0;232000;2401;0;75000;0;0;157000;0;476902;476902
PARTIDO NACIONAL;COLONIA;REPRESENTANTES;5;GUSTAVO GABRIEL SEDARRI VANOLI;241000;241000;43000;0;0;185000;556;0;0;0;48000;137000;0;241000;241000
PARTIDO NACIONAL;COLONIA;REPRESENTANTES;12;RICARDO PLANCHON GEYMONAT;1041350;1041350;671350;0;0;370000;10470;0;0;0;0;370000;0;496738;496738
PARTIDO NACIONAL;COLONIA;REPRESENTANTES;19;MARIA DE LIMA MORENO;935075;935075;696938;0;0;238137;6797;0;0;0;0;158137;80000;935075;935075
PARTIDO NACIONAL;COLONIA;REPRESENTANTES;119;ANDRÉS PASSARINO PAOLINI;464640;464640;284640;0;0;180000;2789;0;0;0;0;180000;0;273996;273996
PARTIDO NACIONAL;COLONIA;REPRESENTANTES;244;ALVARO GERMANO;10200;10200;                         -  ;0;0;10200;320;0;10200;0;0;0;0;10200;10200
PARTIDO NACIONAL;COLONIA;REPRESENTANTES;904;EDMUNDO ROSELLI;1455629;1455629;1455629;0;0;0;14139;1;0;0;0;0;0;1445955,92;1445955,92
PARTIDO NACIONAL;DURAZNO;REPRESENTANTES;404;CARMELO JOSE  VIDALIN AGUIRRE;610000;610000;160000;0;0;450000;11477;1;204000;246000;0;0;0;609806;609806
PARTIDO NACIONAL;DURAZNO;REPRESENTANTES;2014;JUAN JOSÉ BRUNO;744747;744747;254747;270000;0;220000;2460;0;100000;0;0;120000;0;744747;744747
PARTIDO NACIONAL;DURAZNO;REPRESENTANTES;40425;JOSÉ DOMINGO RIELLI SAN MARTIN;711721;711721;595758;0;0;115963;5753;0;0;0;0;115963;0;711721;711721
PARTIDO NACIONAL;FLORES;REPRESENTANTES;12;TERESA HERNANDEZ;377180;377180;                         -  ;0;0;377180;3100;0;206000;0;0;171180;0;271323;271323
PARTIDO NACIONAL;FLORES;REPRESENTANTES;404;ARMANDO CASTAINGDEBAT;725000;725000;480000;0;0;245000;5982;1;0;0;0;245000;0;475991;475991
PARTIDO NACIONAL;FLORES;REPRESENTANTES;1903;VERONICA SORENSEN;67666;67666;44166;0;0;67666;433;0;0;0;0;55541;12125;67666;67666
PARTIDO NACIONAL;FLORIDA;REPRESENTANTES;244;ALVARO GERMANO;10200;10200;                         -  ;0;0;10200;2;0;10200;0;0;0;0;10200;10200
PARTIDO NACIONAL;FLORIDA;REPRESENTANTES;262;LAPASTA VENTURA, GERMAN;312699;312699;336674;0;0;312699;2870;0;312699;0;0;0;0;312698,69;312698,69
PARTIDO NACIONAL;FLORIDA;REPRESENTANTES;662;ALFREDO MARTIN BRESCIA;489042;489042;220042;0;0;269000;2131;0;90000;0;9000;170000;0;541200;541200
PARTIDO NACIONAL;FLORIDA;REPRESENTANTES;903;MACHIN PERDOMO, PEDRO LUIS;44277;44277;44277;0;0;0;536;0;0;0;0;0;0;43220;43220
PARTIDO NACIONAL;FLORIDA;REPRESENTANTES;2014;JESUS BENTANCOR DODERA ;482835;482835;234000;0;0;248835;2374;0;0;0;0;248835;0;482835;482835
PARTIDO NACIONAL;FLORIDA;REPRESENTANTES;6262;JOSE ANDRES AROCENA ARGUL;1504958;1504958;969221;0;0;535737;11733;1;48460;0;0;33277;454000;1499388,65;1499388,65
PARTIDO NACIONAL;LAVALLEJA;REPRESENTANTES;4;ALFREDO DANIEL VILLALBA;532346;532346;215846;0;0;316500;2618;0;0;0;0;316500;0;302155;302155
PARTIDO NACIONAL;LAVALLEJA;REPRESENTANTES;244;ALVARO GERMANO ;10200;10200;                         -  ;0;0;10200;1;0;10200;0;0;0;0;10200;10200
PARTIDO NACIONAL;LAVALLEJA;REPRESENTANTES;404;ALEXANDRA KARINA INZAURRALDE GUILLEN;879296;879296;879296;0;0;0;8532;0;0;0;0;0;0;830841;830841
PARTIDO NACIONAL;LAVALLEJA;REPRESENTANTES;5158;MARIO LUIS GARCÍA GONZALEZ;1485395;1485395;905395;330000;0;250000;8837;1;0;0;0;250000;0;887421;887421
PARTIDO NACIONAL;MALDONADO;REPRESENTANTES;22;ENRIQUE ANTÍA;3086000;3086000;                         -  ;0;0;3086000;10092;1;1270000;92000;0;600000;1124000;3592352;3592352
PARTIDO NACIONAL;MALDONADO;REPRESENTANTES;23;NELSON RODRIGUEZ;5839422;5839422;1732062;859360;0;3248000;16981;1;0;0;0;950000;2298000;4968020;4968020
PARTIDO NACIONAL;MALDONADO;REPRESENTANTES;40;EDUARDO MARTÍN LAVENTURE OTEGUI;1705664;1705664;795164;0;0;1322100;7693;0;873750;227850;0;0;220500;788856;788856
PARTIDO NACIONAL;MALDONADO;REPRESENTANTES;244;ALVARO GERMANO;10200;10200;                         -  ;0;0;10200;30;0;10200;0;0;0;0;10200;10200
PARTIDO NACIONAL;MALDONADO;REPRESENTANTES;1052;DR. ESTEBAN RAUL AGUSTONI RIJO;82300;82300;66300;0;0;16000;650;0;16000;0;0;0;0;21358;21358
PARTIDO NACIONAL;MALDONADO;REPRESENTANTES;2014;LUIS CIMA EGUSQUIZA;756428;756428;468131;270000;0;18297;4587;0;0;0;0;18297;0;288297;288297
PARTIDO NACIONAL;MALDONADO;REPRESENTANTES;2903;CRISTIAN MARCELO RONDAN;77936;77936;57936;0;0;20000;568;0;0;0;0;20000;0;62139;62139
PARTIDO NACIONAL;MALDONADO;REPRESENTANTES;9003;NESTOR SAINZ;189658;189658;89658;0;0;100000;879;0;0;0;0;100000;0;65000;65000
PARTIDO NACIONAL;MONTEVIDEO;REPRESENTANTES;8;NO FIGURA EN LA PAGINA DE LA CORTE ELECTORAL;                         -  ;0;                         -  ;0;0;0;0;0;0;0;0;0;0;0;0
PARTIDO NACIONAL;MONTEVIDEO;REPRESENTANTES;33;FRANCISCO GALLINAL NIETO;2582111;2582111;1494101;0;0;1088010;4367;0;1088010;0;0;0;0;2718825;2718825
PARTIDO NACIONAL;MONTEVIDEO;REPRESENTANTES;35;GRACIELA GUIDO;10104;10104;104;0;0;10000;2;0;0;0;0;10000;0;9500;9500
PARTIDO NACIONAL;MONTEVIDEO;REPRESENTANTES;40;JAVIER GARCIA DUCHINI;7919510;7919510;3511656;0;0;4407854;34175;1;510000;572000;222654;2980000;123200;7919817,52;7919817,52
PARTIDO NACIONAL;MONTEVIDEO;REPRESENTANTES;66;NO FIGURA EN LA PAGINA DE LA CORTE ELECTORAL;                         -  ;0;                         -  ;0;0;0;0;0;0;0;0;0;0;0;0
PARTIDO NACIONAL;MONTEVIDEO;REPRESENTANTES;71;GUSTAVO PENADÉS;11768329;11768329;5279622;4600000;0;1888707;51374;3;368715;0;0;1372392;147600;9740866;9740866
PARTIDO NACIONAL;MONTEVIDEO;REPRESENTANTES;108;NO FIGURA EN LA PAGINA DE LA CORTE ELECTORAL;                         -  ;0;                         -  ;0;0;0;0;0;0;0;0;0;0;0;0
PARTIDO NACIONAL;MONTEVIDEO;REPRESENTANTES;244;ALVARO GERMANO;10200;10200;                         -  ;0;0;10200;1203;0;10200;0;0;0;0;10200;10200
PARTIDO NACIONAL;MONTEVIDEO;REPRESENTANTES;308;NO FIGURA EN LA PAGINA DE LA CORTE ELECTORAL;                         -  ;0;                         -  ;0;0;0;0;0;0;0;0;0;0;0;0
PARTIDO NACIONAL;MONTEVIDEO;REPRESENTANTES;404;ALVARO DELGADO;11627636;11627636;5839196;0;0;5788440;56819;3;865325;960000;0;3148115;815000;10758448;10758448
PARTIDO NACIONAL;MONTEVIDEO;REPRESENTANTES;767;ALFREDO OLIÚ CARBONELL;104105;104105;46000;0;0;0;572;0;0;0;0;0;0;2117354;2117354
PARTIDO NACIONAL;MONTEVIDEO;REPRESENTANTES;903;DANIEL QUIRÓ;1519540;1519540;1419540;0;0;100000;13813;0;0;0;0;100000;0;1158593,07;1158593,07
PARTIDO NACIONAL;MONTEVIDEO;REPRESENTANTES;922;HORACIO RIVERO;13669;13669;13669;0;0;0;133;0;0;0;0;0;0;13669;13669
PARTIDO NACIONAL;MONTEVIDEO;REPRESENTANTES;1889;MAURO GAMBETTA ALVAREZ;9458;9458;9458;0;0;0;115;0;0;0;0;0;0;16960;16960
PARTIDO NACIONAL;MONTEVIDEO;REPRESENTANTES;2014;VERONICA ALONSO;8884595;8884595;8584595;0;0;300000;73665;4;0;0;0;300000;0;8280825;8280825
PARTIDO NACIONAL;MONTEVIDEO;REPRESENTANTES;504504;ALEM GARCIA;83114;83114;33114;0;0;50000;945;0;0;0;0;50000;0;132356;132356
PARTIDO NACIONAL;PAYSANDÚ;REPRESENTANTES;33;JORGE GENOUD;120000;120000;9500;0;0;110500;317;0;0;0;0;110500;0;120000;120000
PARTIDO NACIONAL;PAYSANDÚ;REPRESENTANTES;71;MARCELO TORTORELLA;433895;433895;172694;0;0;256860;2093;0;6500;0;5000;101500;143860;352658;352658
PARTIDO NACIONAL;PAYSANDÚ;REPRESENTANTES;72;RAFAEL BARTZABAL;206869;206869;                         -  ;0;0;206869;1714;0;0;0;0;0;206869;691891,71;691891,71
PARTIDO NACIONAL;PAYSANDÚ;REPRESENTANTES;244;ALVARO GERMANO;10200;10200;                         -  ;0;0;10200;0;0;10200;0;0;0;0;10200;10200
PARTIDO NACIONAL;PAYSANDÚ;REPRESENTANTES;404;JUAN CARLOS LÓPEZ GLUTILUN;561725;561725;270000;0;0;291725;2829;0;0;0;0;291725;0;561725;561725
PARTIDO NACIONAL;PAYSANDÚ;REPRESENTANTES;2004;NICOLÁS JAVIER OLIVERA SEIGUERMAN;2066933;2066933;2982495;0;0;756460;12706;1;0;0;0;756460;0;1611859;1611859
PARTIDO NACIONAL;PAYSANDÚ;REPRESENTANTES;2014;COSME DAVID DOTI GENTA;1427109;1427109;906984;289000;0;231125;8877;0;88904;0;19721;122500;0;1098242,8;1098242,8
PARTIDO NACIONAL;RÍO NEGRO;REPRESENTANTES;33;HUGO HORNOS;374000;374000;167283;90000;0;206717;1548;0;0;0;0;206717;0;374000;374000
PARTIDO NACIONAL;RÍO NEGRO;REPRESENTANTES;50;RUBEN DI GIOVANNI;483926;483926;166750;0;0;131665;2004;0;0;0;0;0;131665;446524;446524
PARTIDO NACIONAL;RÍO NEGRO;REPRESENTANTES;404;DANIEL MAÑANA;528150;528150;178150;0;0;350000;2141;0;0;100000;0;250000;0;447442;447442
PARTIDO NACIONAL;RÍO NEGRO;REPRESENTANTES;201458;LAFLUF HEBEICH OMAR MARIA;1048733;1048733;357550;0;0;691183;7895;1;617635;73548;0;0;0;1048732,53;1048732,53
PARTIDO NACIONAL;RIVERA;REPRESENTANTES;15;GERARDO AMARILLA;1222805;1222805;                         -  ;345000;0;609155;11833;1;0;0;0;609155;0;825053;825053
PARTIDO NACIONAL;RIVERA;REPRESENTANTES;244;ALVARO GERMANO;10200;10200;                         -  ;10200;0;10200;0;0;10200;0;0;0;0;10200;10200
PARTIDO NACIONAL;RIVERA;REPRESENTANTES;2014;LIGGIA LILIÁN PADERN VIERA;873248;873248;613650;0;0;0;6365;0;0;0;0;0;0;750206,67;750206,67
PARTIDO NACIONAL;RIVERA;REPRESENTANTES;15000;FERNANDO ARAUJO;193900;193900;400000;0;0;153900;5967;0;153900;0;0;0;0;151944;151944
PARTIDO NACIONAL;ROCHA;REPRESENTANTES;71;JOSE CARLOS CARDOSO;960000;960000;720000;0;0;240000;11373;1;0;0;0;240000;0;1008519;1008519
PARTIDO NACIONAL;ROCHA;REPRESENTANTES;244;ALVARO GERMANO;10200;10200;                         -  ;0;0;10200;267;0;10200;0;0;0;0;10200;10200
PARTIDO NACIONAL;ROCHA;REPRESENTANTES;903;CARLOS DIANESSI;319436;319436;289436;0;0;20000;2730;0;0;0;0;20000;0;316925;316925
PARTIDO NACIONAL;ROCHA;REPRESENTANTES;2014;JOSÉ LUIS MOLINA ABREU;491550;491550;186550;270000;0;35000;4127;0;0;0;0;35000;0;516194;516194
PARTIDO NACIONAL;ROCHA;REPRESENTANTES;504504;WILSON RIET AMARAL;109278;109278;19278;90000;0;90000;189;0;0;0;0;90000;0;90000;90000
PARTIDO NACIONAL;SALTO;REPRESENTANTES;244;ALVARO GERMANO;10200;10200;                         -  ;0;0;10200;166;0;10200;0;0;0;0;10200;10200
PARTIDO NACIONAL;SALTO;REPRESENTANTES;404;CARLOS ALBISU;1440318;1440318;1123318;0;0;317000;10906;0;202000;0;0;115000;0;1440318;1440318
PARTIDO NACIONAL;SALTO;REPRESENTANTES;903;JOSE MARIA UBICI;80000;80000;86646;0;0;80000;1050;0;48100;0;0;31900;0;74328;74328
PARTIDO NACIONAL;SALTO;REPRESENTANTES;2014;RODRIGO GOÑI;1684117;1684117;755981;460000;0;468136;7329;0;0;0;0;468136;0;1684117;1684117
PARTIDO NACIONAL;SAN JOSÉ;REPRESENTANTES;72;MANUEL LARREA;275460;275460;125460;0;0;150000;1230;0;0;0;0;150000;0;108397;108397
PARTIDO NACIONAL;SAN JOSÉ;REPRESENTANTES;244;ALVARO GERMANO;10200;10200;                         -  ;0;0;10200;331;0;10200;0;0;0;0;10200;10200
PARTIDO NACIONAL;SAN JOSÉ;REPRESENTANTES;404;RUBEN BACIGALUPE;1443170;1443170;1411170;0;0;32000;13835;1;20000;0;0;12000;0;825481,5;825481,5
PARTIDO NACIONAL;SAN JOSÉ;REPRESENTANTES;903;RAUL  ZORRILLA DE SAN MARTIN;248525;248525;56825;0;0;191700;689;0;20000;0;0;111700;60000;191603;191603
PARTIDO NACIONAL;SAN JOSÉ;REPRESENTANTES;222014;CARLOS DANIEL CAMY;1177835;1177835;1092428;0;0;85407;10932;0;0;0;0;85407;0;1177835;1177835
PARTIDO NACIONAL;SORIANO;REPRESENTANTES;93;JESUS BENAVENTE;11000;11000;                         -  ;0;0;11000;14987;0;11000;0;0;0;0;11000;11000
PARTIDO NACIONAL;SORIANO;REPRESENTANTES;404;MARTIN IRISARRI ;566188;566188;497188;0;0;70000;883;0;0;0;70000;0;0;593316;593316
PARTIDO NACIONAL;SORIANO;REPRESENTANTES;903;GUILLERMO BESOZZI;982500;982500;792500;0;0;190000;82;1;0;0;0;190000;0;820329;820329
PARTIDO NACIONAL;SORIANO;REPRESENTANTES;2903;MIGUEL ANGEL RONDAN FLEITAS;168401;168401;72053;0;0;96348;1298;0;0;0;0;96348;0;168401;168401
PARTIDO NACIONAL;TACUAREMBÓ;REPRESENTANTES;72;NO FIGURA EN LA PAGINA DE LA CORTE ELECTORAL;                         -  ;0;                         -  ;0;0;0;806;0;0;0;0;0;0;0;0
PARTIDO NACIONAL;TACUAREMBÓ;REPRESENTANTES;244;ALVARO GERMANO;10200;10200;                         -  ;0;0;10200;1;0;10200;0;0;0;0;10200;10200
PARTIDO NACIONAL;TACUAREMBÓ;REPRESENTANTES;404;ALFREDO DE MATTOS;808700;808700;808700;0;0;0;13111;0;0;0;0;0;0;506946;506946
PARTIDO NACIONAL;TACUAREMBÓ;REPRESENTANTES;1904;DARÍO FERRAZ BRAGA;248518;224518;96318;24000;24000;106200;937;0;35000;0;0;71200;0;221882;197882
PARTIDO NACIONAL;TACUAREMBÓ;REPRESENTANTES;5050;WILSON APARICIO EZQUERRA ALONSO;1598936;1598936;1398936;0;0;200000;13707;1;0;0;0;200000;0;1582701;1582701
PARTIDO NACIONAL;TACUAREMBÓ;REPRESENTANTES;504206;JORGE NESTOR SERPA PEREIRA;147500;147500;7504;0;0;140000;67;0;0;0;0;140000;0;147500;147500
PARTIDO NACIONAL;TREINTA Y TRES;REPRESENTANTES;61;ANIBAL JOSE ENRIQUE BENTOS GUIMARAES ECHEVERRIA;186700;186700;43500;40000;0;103200;424;0;59600;0;0;37000;6600;40861,3;40861,3
PARTIDO NACIONAL;TREINTA Y TRES;REPRESENTANTES;71;MARIO FABIAN SILVERA ARAUJO;1053192;1053192;835446;0;0;217746;8462;0;0;0;0;217746;0;1053192;1053192
PARTIDO NACIONAL;TREINTA Y TRES;REPRESENTANTES;88;DR. EDGARDO MIER ESTADES;2259574;2259574;704000;0;0;1555574;8549;1;0;0;0;1555574;0;1870319;1870319
PARTIDO COLORADO;ARTIGAS;REPRESENTANTES;10;ANDRES RODRIGUEZ VANUFFELEN;120000;120000;105000;0;0;120000;985;0;0;0;0;120000;0;120000;120000
PARTIDO COLORADO;ARTIGAS;REPRESENTANTES;1530;CARLOS ANTONIO SIGNORELLI LARROSA;799838;799838;474838;0;0;325000;5719;0;230000;0;95000;0;0;795640;795640
PARTIDO COLORADO;ARTIGAS;REPRESENTANTES;2215;RENATO SAMBUCETTI;539184;539184;491620;0;0;47564;2218;0;0;0;6200;41364;0;539184;539184
PARTIDO COLORADO;CANELONES;REPRESENTANTES;10;ADRIAN PEÑA;2799349;2799349;2799349;0;0;0;27096;1;0;0;0;0;0;2799349;2799349
PARTIDO COLORADO;CANELONES;REPRESENTANTES;1015;DANIELA BARINDELLI;1911720;1911720;1045172;0;0;866548;10117;0;342500;0;0;524048;0;1733096;1733096
PARTIDO COLORADO;CERRO LARGO;REPRESENTANTES;10;MAURICIO ALBERTO CROSA ARRARTE;748246;748246;294372;0;0;453874;2886;0;453874;0;0;0;0;748246;748246
PARTIDO COLORADO;CERRO LARGO;REPRESENTANTES;15;WALKIRIA OLANO;675532;675532;488782;0;0;186750;4737;0;0;0;0;186750;0;675442,6;675442,6
PARTIDO COLORADO;COLONIA;REPRESENTANTES;10;DANIEL BIANCHI;                         -  ;0;842729;0;0;1491271;8191;1;0;0;0;1491271;0;2334000;2334000
PARTIDO COLORADO;COLONIA;REPRESENTANTES;15;FELIPE MARTÍN PÉREZ BANCHERO;976031;976031;440031;536000;0;0;4277;0;0;0;0;0;0;969232;969232
PARTIDO COLORADO;DURAZNO;REPRESENTANTES;10;JOSE PEDRO VARELA;413406;413406;                         -  ;336000;0;77406;3680;0;0;0;0;77406;0;413406;413406
PARTIDO COLORADO;DURAZNO;REPRESENTANTES;1515;ALVARO ACUÑA DE MARCO;181946;181946;149946;0;0;32000;1783;0;0;0;2000;30000;0;234500;234500
PARTIDO COLORADO;FLORES;REPRESENTANTES;10;SEBASTIAN GONZALEZ;261744;261744;245160;0;0;16584;1604;0;9584;0;0;7000;0;261744;261744
PARTIDO COLORADO;FLORES;REPRESENTANTES;15;JAVIER BELLINI;176296;176296;128296;0;0;48000;1233;0;28000;0;0;20000;0;46791;46791
PARTIDO COLORADO;FLORIDA;REPRESENTANTES;10;JOSE PEDRO DELGADO HERNANDEZ;473546;473546;                         -  ;453546;0;20000;4106;0;20000;0;0;0;0;411047,2;411047,2
PARTIDO COLORADO;FLORIDA;REPRESENTANTES;22;JUAN JUSTO AMARO CEDRES;615601;615601;359503;6000;0;250098;3943;0;0;0;0;250098;0;362073,87;362073,87
PARTIDO COLORADO;LAVALLEJA;REPRESENTANTES;10;ROBERT BOUVIER;833279;833279;471303;361976;0;0;4618;0;0;0;0;0;0;833279;833279
PARTIDO COLORADO;LAVALLEJA;REPRESENTANTES;321;GUSTAVO RISSO SINGLAN;643000;643000;                         -  ;0;0;598000;3088;0;202000;0;50000;313000;33000;637000;637000
PARTIDO COLORADO;MALDONADO;REPRESENTANTES;10;GERMAN CARDOSO;2151000;2151000;1126000;0;0;1025000;11036;1;47000;0;10000;370000;598000;2049000;2049000
PARTIDO COLORADO;MALDONADO;REPRESENTANTES;100;EDUARDO ELINGER;2221163;2221163;784686;715740;0;1436477;7693;0;715740;0;0;700310;20427;818565;818565
PARTIDO COLORADO;MONTEVIDEO;REPRESENTANTES;10;GUILLERMO FACELLO;4619700;0;4619700;0;4619700;0;66188;4;0;0;0;0;0;4619700;0
PARTIDO COLORADO;MONTEVIDEO;REPRESENTANTES;15;JOSÉ AMORIN;3476778;3476778;3066528;0;0;410250;31159;1;245250;0;0;165000;0;2149824;2149824
PARTIDO COLORADO;MONTEVIDEO;REPRESENTANTES;9989;SHEILA DUARTE GUERRERO;153522;153522;53346;0;0;100176;649;0;0;0;0;100176;0;100176;100176
PARTIDO COLORADO;PAYSANDÚ;REPRESENTANTES;10;WALTER VERRI;697225;697225;483182;0;0;214043;4684;1;9400;860;0;203783;0;669840,38;669840,38
PARTIDO COLORADO;PAYSANDÚ;REPRESENTANTES;70;DAVID HELGUERA;208634;208634;208504;0;0;199176;2043;0;0;0;0;199176;0;199176;199176
PARTIDO COLORADO;PAYSANDÚ;REPRESENTANTES;1025;RICARDO MOLINELLI;243306;243306;243306;0;0;0;2384;0;0;0;0;0;0;200390;200390
PARTIDO COLORADO;RÍO NEGRO;REPRESENTANTES;10;DUILIO PINAZO;413294;413294;261741;0;0;151553;2531;0;0;0;0;151553;0;413294;413294
PARTIDO COLORADO;RÍO NEGRO;REPRESENTANTES;15;JUAN SERRES;54279;54279;54279;0;0;0;655;0;0;0;0;0;0;41165;41165
PARTIDO COLORADO;RÍO NEGRO;REPRESENTANTES;1610;GABRIEL GALLAND;                         -  ;0;                         -  ;0;0;0;2030;0;0;0;0;0;0;191169;191169
PARTIDO COLORADO;RÍO NEGRO;REPRESENTANTES;1915;SANDRA DODERA;52734;52734;32734;0;0;20000;395;0;0;0;0;20000;0;46363;46363
PARTIDO COLORADO;RÍO NEGRO;REPRESENTANTES;8515;DANIEL PORRO PORTELA;12595;12595;71765;0;0;12595;866;0;0;0;4000;0;8595;55072;55072
PARTIDO COLORADO;RIVERA;REPRESENTANTES;10;MAURICIO GONZALEZ LUCAS;979200;979200;979200;0;0;0;6520;0;0;0;0;0;0;345883,19;345883,19
PARTIDO COLORADO;RIVERA;REPRESENTANTES;2000;TABARE VIERA DUARTE;1314474;1314474;1156474;0;0;158000;14049;1;158000;0;0;0;0;1279385;1279385
PARTIDO COLORADO;ROCHA;REPRESENTANTES;15;JAIME PIENICA ;267528;267528;185337;0;0;82191;1816;0;0;0;0;82191;0;267528;267528
PARTIDO COLORADO;ROCHA;REPRESENTANTES;23;YEANETH PUÑALES BRUM;414902;414902;389902;0;0;24999;3798;0;0;0;24999;0;0;412500;412500
PARTIDO COLORADO;ROCHA;REPRESENTANTES;1022;ADRIAN SANCHEZ RUIZ;513826;513826;230826;0;230826;283000;2263;0;238000;0;20000;25000;0;281650;281650
PARTIDO COLORADO;SALTO;REPRESENTANTES;1;HUGO BARLA;308000;308000;189716;0;0;118284;1845;0;0;0;0;118284;0;308000;308000
PARTIDO COLORADO;SALTO;REPRESENTANTES;100;JOSÉ MARÍA AGUIRRE;583000;583000;110000;0;0;583000;1888;0;210000;0;80000;200000;93000;587000;587000
PARTIDO COLORADO;SALTO;REPRESENTANTES;115;MARIA CECILIA EGUILUZ LAXAGUE;1985213;1985213;1665280;0;0;397733;16737;1;77800;0;125871;77800;116262;1920907;1920907
PARTIDO COLORADO;SAN JOSÉ;REPRESENTANTES;10;GUSTAVO CERSOSIMO  MICHELINI;721500;721500;721500;0;0;0;5740;1;0;0;0;0;0;566361,23;566361,23
PARTIDO COLORADO;SAN JOSÉ;REPRESENTANTES;10151515;FRANCISCO ZUNINO TORTEROLA;458410;458410;288660;0;0;169750;2830;0;0;105750;64000;0;0;470308,8;470308,8
PARTIDO COLORADO;SORIANO;REPRESENTANTES;15;FEDERICO BARBOZA;348755;348755;187364;0;0;161391;69;0;161391;0;0;0;0;161391;161391
PARTIDO COLORADO;SORIANO;REPRESENTANTES;140;JOSÉ ANTONIO AMY TEJERA;427142;427142;                         -  ;0;0;427142;6014;0;427142;0;0;0;0;427141;427141
PARTIDO COLORADO;TACUAREMBÓ;REPRESENTANTES;15;WASHINGTON ANIBAL MADRID PINTOS DE ARAUJO ;534176;534176;304176;0;0;230000;3698;0;0;0;96000;134000;0;239700;239700
PARTIDO COLORADO;TACUAREMBÓ;REPRESENTANTES;2215;MARTHA MONTANER;850000;850000;                         -  ;0;0;850000;6389;1;0;0;0;850000;0;828494;828494
PARTIDO COLORADO;TREINTA Y TRES;REPRESENTANTES;10;ALEJANDRO PINHO MUNIZ;449000;449000;255000;0;0;194000;2027;0;8000;0;0;36000;150000;153802;153802
PARTIDO COLORADO;TREINTA Y TRES;REPRESENTANTES;15;CARLOS SANTIAGO ZULUAGA MESPOLET;105260;105260;                         -  ;0;0;105260;1414;0;105260;0;0;0;0;105260;105260
PARTIDO INDEPENDIENTE;ARTIGAS;REPRESENTANTES;696;ROBERTO BAZ;4950;4950;3700;0;0;1250;37;0;1250;0;0;0;0;2500;2500
PARTIDO INDEPENDIENTE;ARTIGAS;REPRESENTANTES;909;ENRIQUE DIESTE;60243;0;60243;0;60243;0;579;0;0;0;0;0;0;60243;0
PARTIDO INDEPENDIENTE;CANELONES;REPRESENTANTES;696;ROBERTO BAZ;34215;34215;31500;0;0;2715;315;0;2715;0;0;0;0;5430;5430
PARTIDO INDEPENDIENTE;CANELONES;REPRESENTANTES;909;DANIEL RADÍO;1071760;0;1071760;0;1071760;0;10162;1;0;0;0;0;0;1071760;0
PARTIDO INDEPENDIENTE;CERRO LARGO;REPRESENTANTES;696;NO FIGURA EN LA PAGINA DE LA CORTE ELECTORAL;                         -  ;0;                         -  ;0;0;0;64;0;0;0;0;0;0;0;0
PARTIDO INDEPENDIENTE;CERRO LARGO;REPRESENTANTES;909;DINA AROZTEGUI;83505;0;83505;0;83505;0;796;0;0;0;0;0;0;83505;0
PARTIDO INDEPENDIENTE;COLONIA;REPRESENTANTES;696;SUSANA CARDOZO;10973;10973;7800;0;0;3173;78;0;3173;0;0;0;0;6346;6346
PARTIDO INDEPENDIENTE;COLONIA;REPRESENTANTES;2909;DANIEL PEREZ;143592;0;143592;0;143592;0;1086;0;0;0;0;0;0;143592;0
PARTIDO INDEPENDIENTE;COLONIA;REPRESENTANTES;3909;DANIEL PEREZ;112837;0;112837;0;112837;0;1382;0;0;0;0;0;0;112837;0
PARTIDO INDEPENDIENTE;DURAZNO;REPRESENTANTES;696;ROBERTO BAZ;7050;7050;4000;0;0;3050;40;0;3050;0;0;0;0;6100;6100
PARTIDO INDEPENDIENTE;DURAZNO;REPRESENTANTES;909;HUMBERTO TRENTINI;99547;0;99547;0;99547;0;961;0;0;0;0;0;0;99547;0
PARTIDO INDEPENDIENTE;FLORES;REPRESENTANTES;696;ROBERTO BAZ;2550;2550;1400;0;0;1150;14;0;1150;0;0;0;0;2300;2300
PARTIDO INDEPENDIENTE;FLORES;REPRESENTANTES;909;ROSANNA FAGALDE;35484;0;35484;0;35484;0;340;0;0;0;0;0;0;35484;0
PARTIDO INDEPENDIENTE;FLORIDA;REPRESENTANTES;696;ROBERTO BAZ;10405;10405;8600;0;0;1805;75;0;1805;0;0;0;0;3610;3610
PARTIDO INDEPENDIENTE;FLORIDA;REPRESENTANTES;909;RAÚL RODRÍGUEZ CORREA;152888;0;152888;0;152888;0;1460;0;0;0;0;0;0;152888;0
PARTIDO INDEPENDIENTE;LAVALLEJA;REPRESENTANTES;696;ROBERTO BAZ;9300;9300;6200;0;0;3100;62;0;3100;0;0;0;0;6200;6200
PARTIDO INDEPENDIENTE;LAVALLEJA;REPRESENTANTES;909;JUAN CORREA;115513;0;115513;0;115513;0;1111;0;0;0;0;0;0;115513;0
PARTIDO INDEPENDIENTE;MALDONADO;REPRESENTANTES;696;NO FIGURA EN LA PAGINA DE LA CORTE ELECTORAL;                         -  ;0;                         -  ;0;0;0;122;0;0;0;0;0;0;0;0
PARTIDO INDEPENDIENTE;MALDONADO;REPRESENTANTES;909;HERIBERTO SOSA;242613;0;242613;0;242613;0;2326;1;0;0;0;0;0;242613;0
PARTIDO INDEPENDIENTE;MALDONADO;REPRESENTANTES;999;MILTON MESA;137892;0;137892;0;137892;0;1322;0;0;0;0;0;0;137892;0
PARTIDO INDEPENDIENTE;MONTEVIDEO;REPRESENTANTES;696;ROBERTO BAZ;97515;97515;94000;0;0;3515;945;0;3515;0;0;0;0;7030;7030
PARTIDO INDEPENDIENTE;MONTEVIDEO;REPRESENTANTES;909;IVÁN POSADA;3812065;0;3812065;0;3812065;0;36805;1;0;0;0;0;0;3812065;0
PARTIDO INDEPENDIENTE;PAYSANDÚ;REPRESENTANTES;314;AYIYÚ BAPTISTA;78791;0;78791;0;78791;0;763;0;0;0;0;0;0;78791;0
PARTIDO INDEPENDIENTE;PAYSANDÚ;REPRESENTANTES;696;ROBERTO BAZ;8780;8780;5900;0;0;2880;59;0;2880;0;0;0;0;5760;5760
PARTIDO INDEPENDIENTE;PAYSANDÚ;REPRESENTANTES;909; DANIEL STROZZI;72388;0;72388;0;72388;0;701;0;0;0;0;0;0;72388;0
PARTIDO INDEPENDIENTE;RÍO NEGRO;REPRESENTANTES;696;ROBERTO BAZ;6520;6520;3900;0;0;2620;39;0;2620;0;0;0;0;5240;5240
PARTIDO INDEPENDIENTE;RÍO NEGRO;REPRESENTANTES;909;JORGE DANIEL LACAVA;78458;0;78458;0;78458;0;745;0;0;0;0;0;0;78458;0
PARTIDO INDEPENDIENTE;RIVERA;REPRESENTANTES;696;ROBERTO BAZ;12100;12100;9500;0;0;2600;145;0;2600;0;0;0;0;5200;5200
PARTIDO INDEPENDIENTE;RIVERA;REPRESENTANTES;909;FERNANDO RIVEIRO;96823;0;96823;0;96823;0;106;0;0;0;0;0;0;96823;0
PARTIDO INDEPENDIENTE;ROCHA;REPRESENTANTES;696;NO FIGURA EN LA PAGINA DE LA CORTE ELECTORAL;0;0;0;0;0;0;52;0;0;0;0;0;0;0;0
PARTIDO INDEPENDIENTE;ROCHA;REPRESENTANTES;909;OMAR RODRIGUEZ;67147;0;67147;0;67147;0;639;0;0;0;0;0;0;67147;0
PARTIDO INDEPENDIENTE;ROCHA;REPRESENTANTES;999;ALFREDO PEGURI;44134;0;44134;0;44134;0;420;0;0;0;0;0;0;44134;0
PARTIDO INDEPENDIENTE;ROCHA;REPRESENTANTES;1830;JUAN RAMÓN GIMENEZ;32260;0;32260;0;32260;0;307;0;0;0;0;0;0;32260;0
PARTIDO INDEPENDIENTE;SALTO;REPRESENTANTES;314;DARWIN MONZÓN;109336;0;109336;0;109336;0;86;0;0;0;0;0;0;109336;0
PARTIDO INDEPENDIENTE;SALTO;REPRESENTANTES;696;NEDI DA ROCHA;8275;8275;8000;0;0;275;92;0;275;0;0;0;0;550;550
PARTIDO INDEPENDIENTE;SALTO;REPRESENTANTES;726;MARISEL CALFANI;97975;0;97975;0;97975;0;44;0;0;0;0;0;0;97975;0
PARTIDO INDEPENDIENTE;SAN JOSÉ;REPRESENTANTES;696;WILFREDO AMARO;11850;11850;8900;0;0;2950;89;0;2950;0;0;0;0;5900;5900
PARTIDO INDEPENDIENTE;SAN JOSÉ;REPRESENTANTES;909;JULIO BONANSEA;195981;0;195981;0;195981;0;1884;0;0;0;0;0;0;195981;0
PARTIDO INDEPENDIENTE;SORIANO;REPRESENTANTES;696;ROBERTO BAZ;11080;11080;8200;0;0;2880;196;0;2880;0;0;0;0;5760;5760
PARTIDO INDEPENDIENTE;SORIANO;REPRESENTANTES;909;FEDERICO PRADO;135639;0;135639;0;135639;0;110;0;0;0;0;0;0;135639;0
PARTIDO INDEPENDIENTE;TACUAREMBÓ;REPRESENTANTES;696;ROBERTO BAZ;10405;10405;8600;0;0;1805;86;0;1805;0;0;0;0;3610;3610
PARTIDO INDEPENDIENTE;TACUAREMBÓ;REPRESENTANTES;909;IVO FERREIRA;115507;0;115507;0;115507;0;1116;0;0;0;0;0;0;115507;0
PARTIDO INDEPENDIENTE;TREINTA Y TRES;REPRESENTANTES;696;ROBERTO BAZ;5752;5752;3052;0;0;2700;27;0;2700;0;0;0;0;6104;6104
PARTIDO INDEPENDIENTE;TREINTA Y TRES;REPRESENTANTES;909;ALEJANDRO DE LEÓN;50803;0;50803;0;50803;0;494;0;0;0;0;0;0;50803;0
ASAMBLEA POPULAR;ARTIGAS;REPRESENTANTES;53;MIGUEL FARIAS;22238;22238;22238;0;0;0;214;0;0;0;0;0;0;2000;2000
ASAMBLEA POPULAR;ARTIGAS;REPRESENTANTES;326;PORTELA DE SOUZA, ORIBE;22708;18209;22708;0;4499;0;91;0;0;0;0;0;0;7556;3057
ASAMBLEA POPULAR;ARTIGAS;REPRESENTANTES;960;RICARDO COHEN;5710;5710;5710;0;0;0;55;0;0;0;0;0;0;527;527
ASAMBLEA POPULAR;ARTIGAS;REPRESENTANTES;1969;RITA LORENA CASCO CABALLERO;3529;3529;3529;0;0;0;34;0;0;0;0;0;0;1300;1300
ASAMBLEA POPULAR;ARTIGAS;REPRESENTANTES;3060;HÉCTOR MORALES;1765;1765;1765;0;0;0;17;0;0;0;0;0;0;684;684
ASAMBLEA POPULAR;CANELONES;REPRESENTANTES;326;BALPARDA BRITO, MARIA DE LOS ANGELES;205756;69278;205756;0;136478;0;1949;0;0;0;0;0;0;164605;28127
ASAMBLEA POPULAR;CANELONES;REPRESENTANTES;960;JORGE PÉREZ ;70629;70629;68629;0;0;2000;650;0;0;0;2000;0;0;9961;9961
ASAMBLEA POPULAR;CANELONES;REPRESENTANTES;1969;WALTER DANIEL ROCCA CARLINI;61337;61337;61337;0;0;0;581;0;0;0;0;0;0;5000;5000
ASAMBLEA POPULAR;CANELONES;REPRESENTANTES;3060;RUBEN CHARQUERO;46245;46245;46245;0;0;0;438;0;0;0;0;0;0;5817;5817
ASAMBLEA POPULAR;CANELONES;REPRESENTANTES;13013;EDUARDO GASTÓN HERNÁNDEZ PÉREZ;20379;20379;20379;0;0;0;193;0;0;0;0;0;0;8000;8000
ASAMBLEA POPULAR;CANELONES;REPRESENTANTES;101114;LUIS EDUARDO RIVAS MARTÍNEZ;15542;0;15542;0;15542;0;184;0;0;0;0;0;0;15541,95;0
ASAMBLEA POPULAR;CERRO LARGO;REPRESENTANTES;326;PIÑEIRO DUTRA, FERNANDO;24552;10134;24352;0;14418;0;230;0;0;0;0;0;0;19482;5064
ASAMBLEA POPULAR;CERRO LARGO;REPRESENTANTES;960;RICARDO COHEN;8047;8047;8047;0;0;0;76;0;0;0;0;0;0;1053;1053
ASAMBLEA POPULAR;CERRO LARGO;REPRESENTANTES;1969;ANÍBAL TERÁN CASTROMÁN                                                              ;4553;4553;4553;0;0;0;43;0;0;0;0;0;0;1300;1300
ASAMBLEA POPULAR;CERRO LARGO;REPRESENTANTES;3060;HECTOR MORALES;4659;4659;4659;0;0;0;44;0;0;0;0;0;0;684;684
ASAMBLEA POPULAR;CERRO LARGO;REPRESENTANTES;13013;GERARDO RAÚL CEDRES PEÑA;3343;3343;3343;0;0;0;34;0;0;0;0;0;0;2000;2000
ASAMBLEA POPULAR;COLONIA;REPRESENTANTES;326;MARTINEZ GONZALEZ, SADY;21906;9411;21406;0;12495;0;200;0;0;0;0;0;0;17125;4630
ASAMBLEA POPULAR;COLONIA;REPRESENTANTES;960;RICARDO COHEN;11776;11776;10776;0;0;1000;102;0;0;0;1000;0;0;2053;2053
ASAMBLEA POPULAR;COLONIA;REPRESENTANTES;1969;MONICA RAQUEL RAMIREZ;7394;7394;7394;0;0;0;70;0;0;0;0;0;0;1800;1800
ASAMBLEA POPULAR;COLONIA;REPRESENTANTES;3060;HECTOR MORALES;6021;6021;6021;0;0;0;57;0;0;0;0;0;0;684;684
ASAMBLEA POPULAR;COLONIA;REPRESENTANTES;13013;FERNANDO LUIS QUEIROS ARMAND UGÓN;6655;6655;6655;0;0;0;63;0;0;0;0;0;0;2000;2000
ASAMBLEA POPULAR;COLONIA;REPRESENTANTES;101114;LUIS EDUARDO RIVAS MARTÍNEZ;9042;9042;9042;0;0;0;107;0;0;0;0;0;0;9042,19;9042,19
ASAMBLEA POPULAR;DURAZNO;REPRESENTANTES;326;BARRERO ALVAREZ, MARTIN;50264;36942;50264;0;13322;0;216;0;0;0;0;0;0;18183;4861
ASAMBLEA POPULAR;DURAZNO;REPRESENTANTES;960;RICARDO COHEN;8523;8523;8523;0;0;0;81;0;0;0;0;0;0;1053;1053
ASAMBLEA POPULAR;DURAZNO;REPRESENTANTES;1969;RITA LORENA CASCO CABALLERO;5261;5261;5261;0;0;0;50;0;0;0;0;0;0;1300;1300
ASAMBLEA POPULAR;DURAZNO;REPRESENTANTES;3060;HECTOR MORALES;3999;3999;3999;0;0;0;38;0;0;0;0;0;0;684;684
ASAMBLEA POPULAR;DURAZNO;REPRESENTANTES;13013;EDUARDO GASTÓN HERNÁNDEZ PÉREZ;3578;3578;3578;0;0;0;34;0;0;0;0;0;0;2000;2000
ASAMBLEA POPULAR;FLORES;REPRESENTANTES;326;RUBIO , EDUARDO;16330;5976;16330;0;10354;0;67;0;0;0;0;0;0;13065;2711
ASAMBLEA POPULAR;FLORES;REPRESENTANTES;960;RICARDO COHEN;2227;2227;2227;0;0;0;21;0;0;0;0;0;0;527;527
ASAMBLEA POPULAR;FLORES;REPRESENTANTES;1969;RITA LORENA CASCO CABALLERO;2015;2015;2015;0;0;0;19;0;0;0;0;0;0;700;700
ASAMBLEA POPULAR;FLORES;REPRESENTANTES;3060;HECTOR MORALES;1485;1485;1485;0;0;0;14;0;0;0;0;0;0;684;684
ASAMBLEA POPULAR;FLORES;REPRESENTANTES;13013;EDUARDO GASTÓN HERNÁNDEZ PÉREZ;743;743;743;0;0;0;7;0;0;0;0;0;0;700;700
ASAMBLEA POPULAR;FLORIDA;REPRESENTANTES;326;RODRIGUEZ CANZANI, ROMULO;40375;14119;40375;0;26256;0;298;0;0;0;0;0;0;32300;6044
ASAMBLEA POPULAR;FLORIDA;REPRESENTANTES;960;RICARDO COHEN;6837;6837;6837;0;0;0;66;0;0;0;0;0;0;527;527
ASAMBLEA POPULAR;FLORIDA;REPRESENTANTES;1969;RITA LORENA CASCO CABALLERO;5388;5388;5388;0;0;0;52;0;0;0;0;0;0;1200;1200
ASAMBLEA POPULAR;FLORIDA;REPRESENTANTES;3060;DANIELA SPINELLI;2417;2417;2417;0;0;0;35;0;0;0;0;0;0;684;684
ASAMBLEA POPULAR;FLORIDA;REPRESENTANTES;13013;JUAN ANTONIO BATISTA ALVAREZ;7978;7978;7978;0;0;0;77;0;0;0;0;0;0;2000;2000
ASAMBLEA POPULAR;LAVALLEJA;REPRESENTANTES;326;TELLECHEA TELLECHEA, JULIO;10188;4312;9988;0;5876;0;95;0;0;0;0;0;0;7991;2115
ASAMBLEA POPULAR;LAVALLEJA;REPRESENTANTES;960;RICARDO COHEN;6098;6098;6098;0;0;0;58;0;0;0;0;0;0;527;527
ASAMBLEA POPULAR;LAVALLEJA;REPRESENTANTES;1969;ANÍBAL TERÁN CASTROMÁN                                                              ;5678;5678;5678;0;0;0;54;0;0;0;0;0;0;1300;1300
ASAMBLEA POPULAR;LAVALLEJA;REPRESENTANTES;3060;DANIELA SPINELLI;2417;2417;2417;0;0;0;23;0;0;0;0;0;0;684;684
ASAMBLEA POPULAR;LAVALLEJA;REPRESENTANTES;13013;GERARDO RAÚL CEDRES PEÑA;3465;3465;3465;0;0;0;35;0;0;0;0;0;0;2000;2000
ASAMBLEA POPULAR;MALDONADO;REPRESENTANTES;326;CARLOS PEREZ MEDINA;41891;20366;41891;0;21525;0;398;0;0;0;0;0;0;33513;11988
ASAMBLEA POPULAR;MALDONADO;REPRESENTANTES;960;CARLOS LAINO ;18840;18840;16840;0;0;2000;160;0;0;0;2000;0;0;6661;6661
ASAMBLEA POPULAR;MALDONADO;REPRESENTANTES;1969;RITA LORENA CASCO CABALLERO;16525;16525;16525;0;0;0;157;0;0;0;0;0;0;1800;1800
ASAMBLEA POPULAR;MALDONADO;REPRESENTANTES;3060;ENRIQUE OLIVERA;10420;10420;10420;0;0;0;99;0;0;0;0;0;0;684;684
ASAMBLEA POPULAR;MALDONADO;REPRESENTANTES;13013;GERARDO RAÚL CEDRES PEÑA;13703;13703;13703;0;0;0;112;0;0;0;0;0;0;3000;3000
ASAMBLEA POPULAR;MONTEVIDEO;REPRESENTANTES;326;RUBIO VICO, EDUARDO;2387032;1582232;1545965;791067;804800;0;6798;1;0;0;0;0;0;911762;106962
ASAMBLEA POPULAR;MONTEVIDEO;REPRESENTANTES;960;RICARDO COHEN;248010;248010;237010;0;0;11000;2237;0;0;0;3000;0;8000;33642;33642
ASAMBLEA POPULAR;MONTEVIDEO;REPRESENTANTES;1969;WALTER DANIEL ROCCA CARLINI;217089;217089;0;0;0;0;2049;0;0;0;0;0;0;12200;12200
ASAMBLEA POPULAR;MONTEVIDEO;REPRESENTANTES;3060;HECTOR MORALES;153621;153621;153621;0;0;0;1450;0;0;0;0;0;0;17449;17449
ASAMBLEA POPULAR;MONTEVIDEO;REPRESENTANTES;13013;EDUARDO GASTÓN HERNÁNDEZ PÉREZ;91538;91538;91538;0;0;0;864;0;0;0;0;0;0;17300;17300
ASAMBLEA POPULAR;MONTEVIDEO;REPRESENTANTES;101114;LUIS EDUARDO RIVAS MARTÍNEZ;23647;0;23647;0;23647;0;279;0;0;0;0;0;0;23646,86;0
ASAMBLEA POPULAR;PAYSANDÚ;REPRESENTANTES;326;GARCIA VILLAVICENCIO, RICARDO;36577;14081;36577;0;22496;0;348;0;0;0;0;0;0;29262;6766
ASAMBLEA POPULAR;PAYSANDÚ;REPRESENTANTES;960;RICARDO COHEN;10931;10931;10931;0;0;0;104;0;0;0;0;0;0;1053;1053
ASAMBLEA POPULAR;PAYSANDÚ;REPRESENTANTES;1969;SANTIAGO NELSON ROCCA CARLINI;12403;12403;12403;0;0;0;118;0;0;0;0;0;0;1800;1800
ASAMBLEA POPULAR;PAYSANDÚ;REPRESENTANTES;3060;HECTOR MORALES;5255;5255;5255;0;0;0;50;0;0;0;0;0;0;684;684
ASAMBLEA POPULAR;PAYSANDÚ;REPRESENTANTES;13013;HORACIO ZEFFERINO DE LA FUENTE;5150;5150;5150;0;0;0;49;0;0;0;0;0;0;2000;2000
ASAMBLEA POPULAR;RÍO NEGRO;REPRESENTANTES;326;VILLALBA MENENDEZ, DELIA;27046;5410;27046;0;21636;0;108;0;0;0;0;0;0;24939;3303
ASAMBLEA POPULAR;RÍO NEGRO;REPRESENTANTES;960;RICARDO COHEN;5160;5160;5160;0;0;0;49;0;0;0;0;0;0;527;527
ASAMBLEA POPULAR;RÍO NEGRO;REPRESENTANTES;1969;RITA LORENA CASCO CABALLERO;3267;3267;3267;0;0;0;31;0;0;0;0;0;0;1300;1300
ASAMBLEA POPULAR;RÍO NEGRO;REPRESENTANTES;3060;HECTOR MORALES;4425;4425;4425;0;0;0;42;0;0;0;0;0;0;684;684
ASAMBLEA POPULAR;RÍO NEGRO;REPRESENTANTES;13013;CARLOS MARÍA DI PASCUA ESCOBAR;5440;5440;5440;0;0;0;47;0;0;0;0;0;0;2000;2000
ASAMBLEA POPULAR;RIVERA;REPRESENTANTES;326;DIAZ RIBEIRO, JORGE;15195;6876;15195;0;8319;0;40;0;0;0;0;0;0;12156;3837
ASAMBLEA POPULAR;RIVERA;REPRESENTANTES;960;RICARDO COHEN;11109;11109;11109;0;0;0;76;0;0;0;0;0;0;1053;1053
ASAMBLEA POPULAR;RIVERA;REPRESENTANTES;1969;RITA LORENA CASCO CABALLERO;4192;4192;4192;0;0;0;80;0;0;0;0;0;0;1300;1300
ASAMBLEA POPULAR;RIVERA;REPRESENTANTES;3060;MIGUEL ANGEL FERNANDEZ;7965;7965;7965;0;0;0;150;0;0;0;0;0;0;684;684
ASAMBLEA POPULAR;RIVERA;REPRESENTANTES;13013;DIANA ALICIA YOUNG FUSÉ;8384;8384;8384;0;0;0;95;0;0;0;0;0;0;2000;2000
ASAMBLEA POPULAR;ROCHA;REPRESENTANTES;8;JULIO DE LA LLANA;36650;21990;21990;0;14660;0;175;0;0;0;0;0;0;14660;0
ASAMBLEA POPULAR;ROCHA;REPRESENTANTES;326;RAZETTI MAREXIANO, ENRIQUE ;34868;13524;34868;0;21344;0;333;0;0;0;0;0;0;27894;6550
ASAMBLEA POPULAR;ROCHA;REPRESENTANTES;960;RICARDO COHEN;10470;10470;10470;0;0;0;100;0;0;0;0;0;0;1053;1053
ASAMBLEA POPULAR;ROCHA;REPRESENTANTES;1969;ANÍBAL TERÁN CASTROMÁN                                                              ;10576;10576;10576;0;0;0;101;0;0;0;0;0;0;1300;1300
ASAMBLEA POPULAR;ROCHA;REPRESENTANTES;3060;DANIELA SPINELLI;5445;5445;5445;0;0;0;52;0;0;0;0;0;0;684;684
ASAMBLEA POPULAR;ROCHA;REPRESENTANTES;13013;GERARDO RAÚL CEDRES PEÑA;5816;5816;5816;0;0;0;47;0;0;0;0;0;0;2000;2000
ASAMBLEA POPULAR;SALTO;REPRESENTANTES;326;ROMAN PEDETTI, JUAN ANDRES;32149;32149;32149;0;0;0;35;0;0;0;0;0;0;3764;3764
ASAMBLEA POPULAR;SALTO;REPRESENTANTES;960;RICARDO COHEN;9106;9106;9106;0;0;0;81;0;0;0;0;0;0;1053;1053
ASAMBLEA POPULAR;SALTO;REPRESENTANTES;1969;RITA LORENA CASCO CABALLERO;9745;9745;9745;0;0;0;166;0;0;0;0;0;0;1300;1300
ASAMBLEA POPULAR;SALTO;REPRESENTANTES;3060;HECTOR MORALES;4660;4660;4660;0;0;0;10906;0;0;0;0;0;0;684;684
ASAMBLEA POPULAR;SALTO;REPRESENTANTES;13013;EDUARDO GASTÓN HERNÁNDEZ PÉREZ;3708;3708;3708;0;0;0;1050;0;0;0;0;0;0;2000;2000
ASAMBLEA POPULAR;SAN JOSÉ;REPRESENTANTES;326;DARIO RUBEN CAMILO PERDOMO;33378;12979;33378;0;20399;0;316;0;0;0;0;0;0;26703;6304
ASAMBLEA POPULAR;SAN JOSÉ;REPRESENTANTES;960;RICARDO COHEN;11561;11561;10561;0;0;1000;100;0;0;0;1000;0;0;2053;2053
ASAMBLEA POPULAR;SAN JOSÉ;REPRESENTANTES;1969;MONICA RAQUEL RAMIREZ;6127;6127;6127;0;0;0;58;0;0;0;0;0;0;1300;1300
ASAMBLEA POPULAR;SAN JOSÉ;REPRESENTANTES;3060;MIGUEL ANGEL GULARTE;9506;9506;9506;0;0;0;90;0;0;0;0;0;0;684;684
ASAMBLEA POPULAR;SAN JOSÉ;REPRESENTANTES;13013;ALEJANDRO SESSER FERNÁNDEZ;10321;10321;10321;0;0;0;93;0;0;0;0;0;0;2000;2000
ASAMBLEA POPULAR;SORIANO;REPRESENTANTES;326;RAUL EDGARDO PERDOMO;21328;9559;20328;0;11769;0;75;0;0;0;0;0;0;16342;4573
ASAMBLEA POPULAR;SORIANO;REPRESENTANTES;960;CARLOS BASTOS  ;12463;12463;11463;0;0;1000;60;0;0;0;1000;0;0;2053;2053
ASAMBLEA POPULAR;SORIANO;REPRESENTANTES;1969;RITA LORENA CASCO CABALLERO;7817;7817;7817;0;0;0;126;0;0;0;0;0;0;1200;1200
ASAMBLEA POPULAR;SORIANO;REPRESENTANTES;3060;DANIELA SPINELLI;6252;6252;6252;0;0;0;122;0;0;0;0;0;0;684;684
ASAMBLEA POPULAR;SORIANO;REPRESENTANTES;13013;HORACIO ZEFFERINO DE LA FUENTE;13131;13131;13131;0;0;0;2267;0;0;0;0;0;0;2000;2000
ASAMBLEA POPULAR;TACUAREMBÓ;REPRESENTANTES;326;DEL PINO GODOY, JORGE ;26283;10936;25783;0;15347;0;245;0;0;0;0;0;0;20627;5280
ASAMBLEA POPULAR;TACUAREMBÓ;REPRESENTANTES;960;RICARDO COHEN;9680;9680;9680;0;0;0;92;0;0;0;0;0;0;1053;1053
ASAMBLEA POPULAR;TACUAREMBÓ;REPRESENTANTES;1969;MARÍA DEL LOURDES PILAR CASTELLI RODRIGUEZ;6630;6630;6630;0;0;0;63;0;0;0;0;0;0;1200;1200
ASAMBLEA POPULAR;TACUAREMBÓ;REPRESENTANTES;3060;HECTOR MORALES ;4630;4630;4630;0;0;0;44;0;0;0;0;0;0;684;684
ASAMBLEA POPULAR;TACUAREMBÓ;REPRESENTANTES;13013;SELVA PÉREZ STÁBILE;3894;3894;3894;0;0;0;37;0;0;0;0;0;0;2000;2000
ASAMBLEA POPULAR;TREINTA Y TRES;REPRESENTANTES;326;ROMERO CUADRADO, JOSE;32659;25157;32659;0;7502;0;132;0;0;0;0;0;0;11151;3649
ASAMBLEA POPULAR;TREINTA Y TRES;REPRESENTANTES;960;RICARDO COHEN;4645;4645;4645;0;0;0;44;0;0;0;0;0;0;527;527
ASAMBLEA POPULAR;TREINTA Y TRES;REPRESENTANTES;1969;ANÍBAL TERÁN CASTROMÁN                                                              ;8554;8554;8554;0;0;0;81;0;0;0;0;0;0;1300;1300
ASAMBLEA POPULAR;TREINTA Y TRES;REPRESENTANTES;3060;NESTOR ALPUY;2006;2006;2006;0;0;0;19;0;0;0;0;0;0;684;684
ASAMBLEA POPULAR;TREINTA Y TRES;REPRESENTANTES;13013;SERGIO CASTRO CARDOZO;1236;1236;1236;0;0;0;12;0;0;0;0;0;0;1000;1000
PARTIDO ECOLOGISTA RADICAL INTRANSIGENTE;ARTIGAS;REPRESENTANTES;1330;JOSÉ VELLOZO;11645;11645;7145;4500;0;0;70;0;0;0;0;0;0;0;0
PARTIDO ECOLOGISTA RADICAL INTRANSIGENTE;CANELONES;REPRESENTANTES;1330;ANA LAURA ALARCÓN ;421694;421694;390694;21000;0;10000;3802;0;0;0;0;10000;0;0;0
PARTIDO ECOLOGISTA RADICAL INTRANSIGENTE;COLONIA;REPRESENTANTES;1330;BERNARDO CARDARELLI;60822;60822;45322;10500;0;5000;444;0;0;0;0;5000;0;0;0
PARTIDO ECOLOGISTA RADICAL INTRANSIGENTE;MALDONADO;REPRESENTANTES;1330;RODRIGO TOLEDO;187351;187351;159851;22500;0;5000;1566;0;0;0;0;5000;0;0;0
PARTIDO ECOLOGISTA RADICAL INTRANSIGENTE;MONTEVIDEO;REPRESENTANTES;1330;CÉSAR VEGA;1279060;1279060;1123244;155816;0;0;11004;0;0;0;0;0;0;0;0
PARTIDO ECOLOGISTA RADICAL INTRANSIGENTE;PAYSANDÚ;REPRESENTANTES;1330;RAMIRO CHUCARRO;68171;68171;52671;10500;0;5000;516;0;0;0;0;5000;0;0;0
PARTIDO ECOLOGISTA RADICAL INTRANSIGENTE;SAN JOSÉ;REPRESENTANTES;1330;RAÚL MESA;56599;56599;44199;8400;0;4000;433;0;0;0;0;4000;0;0;0
PARTIDO DE LOS TRABAJADORES;ARTIGAS;REPRESENTANTES;1917;RAFAEL FERNÁNDEZ;2449;2449;2449;0;0;0;24;0;0;0;0;0;0;0;0
PARTIDO DE LOS TRABAJADORES;CANELONES;REPRESENTANTES;1917;ANDREA REVUELTA;48988;48988;48988;0;0;0;480;0;0;0;0;0;0;0;0
PARTIDO DE LOS TRABAJADORES;CERRO LARGO;REPRESENTANTES;1917;RAFAEL FERNÁNDEZ;8063;8063;8063;0;0;0;79;0;0;0;0;0;0;0;0
PARTIDO DE LOS TRABAJADORES;COLONIA;REPRESENTANTES;1917;RAFAEL FERNÁNDEZ;7961;7961;7961;0;0;0;78;0;0;0;0;0;0;0;0
PARTIDO DE LOS TRABAJADORES;DURAZNO;REPRESENTANTES;1917;RAFAEL FERNÁNDEZ;4491;4491;4491;0;0;0;44;0;0;0;0;0;0;0;0
PARTIDO DE LOS TRABAJADORES;FLORES;REPRESENTANTES;1917;RAFAEL FERNÁNDEZ;2245;2245;2245;0;0;0;22;0;0;0;0;0;0;0;0
PARTIDO DE LOS TRABAJADORES;FLORIDA;REPRESENTANTES;1917;ANTONIO BUDAY REGO;9798;9798;9798;0;0;0;96;0;0;0;0;0;0;0;0
PARTIDO DE LOS TRABAJADORES;LAVALLEJA;REPRESENTANTES;1917;RAFAEL FERNÁNDEZ;4899;4899;4899;0;0;0;48;0;0;0;0;0;0;0;0
PARTIDO DE LOS TRABAJADORES;MALDONADO;REPRESENTANTES;1917;RAFAEL FERNÁNDEZ;13778;13778;13778;0;0;0;135;0;0;0;0;0;0;0;0
PARTIDO DE LOS TRABAJADORES;MONTEVIDEO;REPRESENTANTES;1917;RAFAEL FERNÁNDEZ;152679;152679;152679;0;0;0;1496;0;0;0;0;0;0;152679;152679
PARTIDO DE LOS TRABAJADORES;PAYSANDÚ;REPRESENTANTES;1917;RAFAEL FERNÁNDEZ;6940;6940;6940;0;0;0;68;0;0;0;0;0;0;0;0
PARTIDO DE LOS TRABAJADORES;RÍO NEGRO;REPRESENTANTES;1917;RAFAEL FERNÁNDEZ;4899;4899;4899;0;0;0;48;0;0;0;0;0;0;0;0
PARTIDO DE LOS TRABAJADORES;RIVERA;REPRESENTANTES;1917;HENRIQUE RAMOS CASTILLO;15309;15309;15309;0;0;0;150;0;0;0;0;0;0;0;0
PARTIDO DE LOS TRABAJADORES;ROCHA;REPRESENTANTES;1917;RAFAEL FERNÁNDEZ;8879;8879;8879;0;0;0;87;0;0;0;0;0;0;0;0
PARTIDO DE LOS TRABAJADORES;SALTO;REPRESENTANTES;1917;RAFAEL FERNÁNDEZ;8267;8267;8267;0;0;0;81;0;0;0;0;0;0;0;0
PARTIDO DE LOS TRABAJADORES;SAN JOSÉ;REPRESENTANTES;1917;RAFAEL FERNÁNDEZ;6940;6940;6940;0;0;0;68;0;0;0;0;0;0;0;0
PARTIDO DE LOS TRABAJADORES;SORIANO;REPRESENTANTES;1917;MARTIN CASTRO LIMA;12451;12451;12451;0;0;0;122;0;0;0;0;0;0;0;0
PARTIDO DE LOS TRABAJADORES;TACUAREMBÓ;REPRESENTANTES;1917;RAFAEL FERNÁNDEZ;6123;6123;6123;0;0;0;60;0;0;0;0;0;0;0;0
PARTIDO DE LOS TRABAJADORES;TREINTA Y TRES;REPRESENTANTES;1917;RAFAEL FERNÁNDEZ;3266;3266;3266;0;0;0;32;0;0;0;0;0;0;0;0
FRENTE AMPLIO;NA;SENADORES;NA;ALVARO PORTILLO;795618;554618;489018;0;241000;306600;8260;0;0;0;0;120000;186600;41331456;20387707
FRENTE AMPLIO;NA;SENADORES;NA;CONSTANZA MOREIRA- BERAMENDI;5606463;3389982;5372728;60000;2216481;173735;51047;0;22312;0;39274;112149;0;31487;31487
FRENTE AMPLIO;NA;SENADORES;NA;CONSTANZA MOREIRA- CASTRO ;0;0;0;0;0;0;3776;0;0;0;0;0;0;4881216,64;4881216,64
FRENTE AMPLIO;NA;SENADORES;NA;CONSTANZA MOREIRA- GELMAN;184914;184914;184914;0;0;0;23253;0;0;0;0;0;0;31487;31487
FRENTE AMPLIO;NA;SENADORES;NA;DANIEL MARTÍNEZ;309542;309542;0;309542;0;0;136006;0;0;0;0;0;0;29034792;27236140
FRENTE AMPLIO;NA;SENADORES;NA;DANILO ANGEL ASTORI SARAGOSA;23401496;15126825;20490687;817245;8274671;2093564;205248;0;612245;1481319;0;0;0;257294;257294
FRENTE AMPLIO;NA;SENADORES;NA;DARÍO PEREZ;5046749;3875149;2458097;2206324;1171600;273500;60656;0;0;200000;0;73500;0;90831,99;90831,99
FRENTE AMPLIO;NA;SENADORES;NA;DARIO RÁUL ESTADES ;151800;151800;0;81800;0;70000;881;0;0;0;0;70000;0;1027353;786353
FRENTE AMPLIO;NA;SENADORES;NA;EDUARDO BRENTA;10374450;8406361;3143450;0;1968089;7230000;30383;0;2690000;480000;0;1200000;2860000;3517542;2345942
FRENTE AMPLIO;NA;SENADORES;NA;EDUARDO MÉNDEZ CAMARÁN;66490;66490;157080;0;0;0;1754;0;0;0;0;0;0;23175870,84;14901199,84
FRENTE AMPLIO;NA;SENADORES;NA;ELEUTERIO FERNÁNDEZ HUIDOBRO;2408594;2015208;927797;435797;393386;1045000;8970;0;0;0;0;740000;305000;253511,5;253511,5
FRENTE AMPLIO;NA;SENADORES;NA;JOSE MUJICA;29034792;27236140;20283770;1455058;1798652;7295964;355762;0;2725250;0;3681358;0;889356;5428981;3212500
FRENTE AMPLIO;NA;SENADORES;NA;MARCOS CARAMBULA;10990554;7990554;7410885;3579669;3000000;0;71687;0;0;0;0;0;0;10825426;7825426
FRENTE AMPLIO;NA;SENADORES;NA;NORA CASTRO;245198;245198;156738;0;0;88460;2584;0;0;0;0;0;88460;10479659;8511570
FRENTE AMPLIO;NA;SENADORES;NA;OSCAR EDINSON RIOS;294148;214770;149770;0;79378;65000;605;0;0;0;0;0;65000;93490,5;14112,5
FRENTE AMPLIO;NA;SENADORES;NA;RAUL SENDIC;40084164;19140415;19584667;19252596;20943749;1246901;158004;0;48200;851000;35250;312451;0;2408594;2015208
PARTIDO NACIONAL;NA;SENADORES;NA;ALEM GARCIA;267898;267898;67898;0;0;200000;572;0;70000;0;0;130000;0;127152;127152
PARTIDO NACIONAL;NA;SENADORES;NA;ALFREDO OLIÚ;46000;46000;46000;0;0;0;1937;0;0;0;0;0;0;0;0
PARTIDO NACIONAL;NA;SENADORES;NA;ALVARO GERMANO;710200;710200;10200;0;0;700000;3744;0;0;0;0;700000;0;264713;264713
PARTIDO NACIONAL;NA;SENADORES;NA;JORGE LARRAÑAGA;56779486;56779486;30776077;20741609;0;5261800;298888;0;0;0;0;0;5261800;771460;771460
PARTIDO NACIONAL;NA;SENADORES;NA;LUIS LACALLE POU;38260827;3494827;38250827;10000;34766000;0;371380;0;0;0;0;0;0;55621818;55621818
PARTIDO NACIONAL;NA;SENADORES;NA;SERGIO ABREU ;5404606;5404606;3804606;0;0;1600000;49367;0;0;0;0;1600000;0;34767166,7;1166,7
PARTIDO COLORADO;NA;SENADORES;NA;JOSÉ AMORIN;13448252;9601520;10743936;0;3846732;2704316;111026;0;1564316;490000;0;650000;0;0;0
PARTIDO COLORADO;NA;SENADORES;NA;LUIS ZUÑIGA BARBAGELATA;53498;53498;53498;0;0;0;649;0;0;0;0;0;0;6129275;6129275
PARTIDO COLORADO;NA;SENADORES;NA;PEDRO BORDABERRY;36035024;36035024;27097542;6872811;0;2064671;190896;0;2064671;0;0;0;0;24787602;24787602
PARTIDO INDEPENDIENTE;NA;SENADORES;NA;PABLO MIERES;7243584;0;7243584;0;7243584;0;69622;0;0;0;0;0;0;12463671;8616939
PARTIDO INDEPENDIENTE;NA;SENADORES;NA;WILFREDO AMARO;260343;260343;236000;0;0;24343;2361;0;24343;0;0;0;0;0;0
ASAMBLEA POPULAR;NA;SENADORES;NA;ANIBAL TERAN CASTROMAN;327765;293207;327765;0;34558;0;3768;0;0;0;0;0;0;48971;48971
ASAMBLEA POPULAR;NA;SENADORES;NA;CARLOS SOSA;485827;485827;453827;0;0;32000;4297;0;0;0;10000;10000;12000;7243584;0
ASAMBLEA POPULAR;NA;SENADORES;NA;DELIA VILLALBA;152487;152487;142099;0;0;0;2692;0;0;0;0;0;0;34557,86;0
ASAMBLEA POPULAR;NA;SENADORES;NA;EDUARDO RUBIO;1298222;0;1298222;0;1298222;0;12305;0;0;0;0;0;0;11840;11840
ASAMBLEA POPULAR;NA;SENADORES;NA;FERNANDO PEÑA ALONSO;18084;18084;9042;9042;0;0;107;0;0;0;0;0;0;33709;33709
ASAMBLEA POPULAR;NA;SENADORES;NA;HORACIO ZEFFERINO DE LA FUENTE;227378;227378;227378;0;0;0;2159;0;0;0;0;0;0;3799,08;3799,08
ASAMBLEA POPULAR;NA;SENADORES;NA;RAÚL PACIELLO ;36650;36650;36650;0;0;0;175;0;0;0;0;0;0;46786,97;7598,16
ASAMBLEA POPULAR;NA;SENADORES;NA;ROBERTO BERVEJILLO;78377,81;39189;39189;39188,81;39188,81;0;463;0;0;0;0;0;0;1298222;0
PARTIDO ECOLOGISTA RADICAL INTRANSIGENTE;NA;SENADORES;NA;DIEGO FERNÁNDEZ;1850525;1850525;1850525;0;0;0;17835;0;0;0;0;0;0;62252;62252
PARTIDO DE LOS TRABAJADORES;NA;SENADORES;NA;RAFAEL FERNÁNDEZ;328423;0;328423;0;328423;0;3218;0;0;0;0;0;0;3000;3000
FRENTE AMPLIO;NA;PRESIDENCIA;NA;TABARÉ VÁZQUEZ;239604836,3;103596482,3;57876405,74;84202940,26;136008354;2030773;1134187;0;804141;364920;9898;197600;654214;0;0
PARTIDO NACIONAL;NA;PRESIDENCIA;NA;LUIS LACALLE POU;70071875;54909105;37383875;27000000;15162770;5688000;732601;0;490000;3768000;1150000;280000;0;328423;0
PARTIDO COLORADO;NA;PRESIDENCIA;NA;PEDRO BORDABERRY;28765398;28765398;12862296;2261754;0;13641348;305699;0;4395258;7938700;0;1307390;0;239686417,7;103678063,7
PARTIDO INDEPENDIENTE;NA;PRESIDENCIA;NA;PABLO MIERES;21115135;21115135;1376233;16865794;0;2873108;73379;0;1174730;1558303;9200;68940;61935;69987119,09;54824349,09
ASAMBLEA POPULAR;NA;PRESIDENCIA;NA;GONZALO ABELLA;2848697;2848697;1371097;1327600;0;0;26869;0;0;0;0;0;0;28217540;28217540
PARTIDO ECOLOGISTA RADICAL INTRANSIGENTE;NA;PRESIDENCIA;NA;CÉSAR VEGA;1164347;1019697;969047;0;144650;195300;17835;0;40000;0;24500;55000;75800;16836916;16836916
PARTIDO DE LOS TRABAJADORES;NA;PRESIDENCIA;NA;RAFAEL FERNANDEZ;745313;659313;164211;481102;86000;100000;3218;0;0;0;0;100000;0;1008667;1008667
;;;;;;;;;;;;;;;;;;;
;;;;;;;;;;;;;;;;;;;
